-12.877,0.0,0.0
-16.349,0.0,0.0
-19.119,0.0,0.0
-21.89,0.0,0.0
-25.349,0.0,0.0
-28.12,0.0,0.0
-31.579,0.0,0.0
-34.349,0.0,0.0
-37.119,0.0,0.0
-40.579,0.0,0.0
-43.349,0.0,0.0
-46.12,0.0,0.0
-49.579,0.0,0.0
-52.349,0.0,0.0
-55.809,0.0,0.0
-58.579,0.0,0.0
-61.349,0.0,0.0
-64.809,0.0,0.0
-67.579,0.0,0.0
-70.349,0.0,0.0
-73.119,0.0,0.0
-76.579,0.0,0.0
-79.349,0.0,0.0
-82.12,0.0,0.0
-85.579,0.0,0.0
-88.349,0.0,0.0
-91.809,0.0,0.0
-94.579,0.0,0.0
-97.349,0.0,0.0
-100.809,0.0,0.0
-103.579,0.0,0.0
-106.349,0.0,0.0
-109.119,0.0,0.0
-112.579,0.0,0.0
-115.349,0.0,0.0
-118.809,0.0,0.0
-121.579,0.0,0.0
-124.349,0.0,0.0
-126.045,0.0,0.0
-125.699,0.0,0.0
-125.353,0.0,0.0
-125.006,0.0,0.0
-124.574,0.0,0.0
-124.228,0.0,0.0
-123.881,0.0,0.0
-123.449,0.0,0.0
-123.103,0.0,0.0
-122.756,0.0,0.0
-122.324,0.0,0.0
-121.978,0.0,0.0
-121.631,0.0,0.0
-121.199,0.0,0.0
-120.853,0.0,0.0
-120.506,0.0,0.0
-120.074,0.0,0.0
-119.728,0.0,0.0
-119.381,0.0,0.0
-119.035,0.0,0.0
-118.603,0.0,0.0
-118.256,0.0,0.0
-117.91,0.0,0.0
-117.564,0.0,0.0
-117.218,0.0,0.0
-116.785,0.0,0.0
-116.439,0.0,0.0
-116.335,0.0,0.0
-116.767,0.0,0.0
-117.113,0.0,0.0
-117.46,0.0,0.0
-117.806,0.0,0.0
-118.238,0.0,0.0
-118.585,0.0,0.0
-119.017,0.0,0.0
-119.363,0.0,0.0
-119.71,0.0,0.0
-120.056,0.0,0.0
-120.488,0.0,0.0
-120.835,0.0,0.0
-121.181,0.0,0.0
-121.527,0.0,0.0
-121.96,0.0,0.0
-122.306,0.0,0.0
-122.652,0.0,0.0
-123.085,0.0,0.0
-123.431,0.0,0.0
-123.777,0.0,0.0
-124.21,0.0,0.0
-124.556,0.0,0.0
-124.902,0.0,0.0
-125.06,0.0,0.0
-124.714,0.0,0.0
-124.282,0.0,0.0
-123.935,0.0,0.0
-123.589,0.0,0.0
-123.243,0.0,0.0
-122.896,0.0,0.0
-122.464,0.0,0.0
-122.118,0.0,0.0
-121.771,0.0,0.0
-121.339,0.0,0.0
-120.993,0.0,0.0
-120.646,0.0,0.0
-120.3,0.0,0.0
-119.868,0.0,0.0
-119.521,0.0,0.0
-119.175,0.0,0.0
-118.829,0.0,0.0
-118.483,0.0,0.0
-118.05,0.0,0.0
-117.704,0.0,0.0
-117.271,0.0,0.0
-116.925,0.0,0.0
-116.579,0.0,0.0
-116.146,0.0,0.0
-115.8,0.0,0.0
-115.454,0.0,0.0
0.0,0.0,-0.128
0.0,0.0,-2.554
0.0,0.0,-5.325
0.0,0.0,-8.784
0.0,0.0,-11.554
0.0,0.0,-15.014
0.0,0.0,-17.784
0.0,0.0,-19.11
0.0,0.0,-18.677
0.0,0.0,-18.331
0.0,0.0,-17.985
0.0,0.0,-17.552
0.0,0.0,-17.206
0.0,0.0,-16.86
0.0,0.0,-16.513
0.0,0.0,-16.081
0.0,0.0,-15.735
0.0,0.0,-15.388
0.0,0.0,-15.042
0.0,0.0,-14.61
0.0,0.0,-14.263
0.0,0.0,-13.831
0.0,0.0,-13.485
0.0,0.0,-13.138
0.0,0.0,-12.706
0.0,0.0,-12.36
0.0,0.0,-12.013
0.0,0.0,-11.667
0.0,0.0,-11.235
0.0,0.0,-10.888
0.0,0.0,-10.542
0.0,0.0,-10.11
0.0,0.0,-9.763
0.0,0.0,-9.417
0.0,0.0,-9.071
0.0,0.0,-8.638
0.0,0.0,-8.292
0.0,0.0,-7.946
0.0,0.0,-7.599
0.0,0.0,-7.253
0.0,0.0,-6.821
0.0,0.0,-6.474
0.0,0.0,-6.128
0.0,0.0,-5.696
0.0,0.0,-5.349
0.0,0.0,-4.917
0.0,0.0,-4.571
0.0,0.0,-4.224
0.0,0.0,-3.878
0.0,0.0,-3.532
0.0,0.0,-3.099
0.0,0.0,-2.753
0.0,0.0,-2.407
0.0,0.0,-1.974
0.0,0.0,-1.628
0.0,0.0,-1.282
0.0,0.0,-0.936
0.0,0.0,-0.503
0.0,0.0,-0.328
0.0,0.0,-0.674
0.0,0.0,-1.021
0.0,0.0,-1.453
0.0,0.0,-1.799
0.0,0.0,-2.146
0.0,0.0,-2.492
0.0,0.0,-3.011
0.0,0.0,-3.357
0.0,0.0,-3.703
0.0,0.0,-4.136
0.0,0.0,-4.482
0.0,0.0,-4.828
0.0,0.0,-5.261
0.0,0.0,-5.607
0.0,0.0,-5.953
0.0,0.0,-6.299
0.0,0.0,-6.646
0.0,0.0,-7.078
0.0,0.0,-7.424
0.0,0.0,-7.771
0.0,0.0,-8.117
0.0,0.0,-8.549
0.0,0.0,-8.896
0.0,0.0,-9.242
0.0,0.0,-9.674
0.0,0.0,-10.021
0.0,0.0,-10.367
0.0,0.0,-10.799
0.0,0.0,-11.146
0.0,0.0,-11.492
0.0,0.0,-11.838
0.0,0.0,-12.271
0.0,0.0,-12.617
0.0,0.0,-12.963
0.0,0.0,-13.396
0.0,0.0,-13.742
0.0,0.0,-14.088
0.0,0.0,-14.521
0.0,0.0,-14.867
0.0,0.0,-15.213
0.0,0.0,-15.646
0.0,0.0,-15.992
0.0,0.0,-16.338
0.0,0.0,-16.771
0.0,0.0,-17.117
0.0,0.0,-17.463
0.0,0.0,-17.896
0.0,0.0,-18.242
0.0,0.0,-18.588
0.0,0.0,-18.322
0.0,0.0,-17.976
0.0,0.0,-17.63
0.0,0.0,-17.197
0.0,0.0,-16.851
0.0,0.0,-16.505
0.0,0.0,-16.159
0.0,0.0,-15.726
0.0,0.0,-15.38
0.0,0.0,-15.034
0.0,0.0,-14.687
0.0,0.0,-14.255
0.0,0.0,-13.909
0.0,0.0,-13.476
0.0,0.0,-13.13
0.0,0.0,-12.784
0.0,0.0,-12.437
0.0,0.0,-12.005
0.0,0.0,-11.659
0.0,0.0,-11.312
0.0,0.0,-10.966
0.0,0.0,-10.533
0.0,0.0,-10.187
0.0,0.0,-9.841
0.0,0.0,-9.409
0.0,0.0,-9.062
0.0,0.0,-8.716
0.0,0.0,-8.37
0.0,0.0,-7.937
0.0,0.0,-7.591
0.0,0.0,-7.245
0.0,0.0,-6.812
0.0,0.0,-6.466
0.0,0.0,-6.12
0.0,0.0,-5.773
0.0,0.0,-5.341
0.0,0.0,-4.995
0.0,0.0,-4.648
0.0,0.0,-4.302
0.0,0.0,-3.956
0.0,0.0,-3.523
0.0,0.0,-3.177
0.0,0.0,-2.831
0.0,0.0,-2.398
0.0,0.0,-2.052
0.0,0.0,-1.706
0.0,0.0,-1.273
0.0,0.0,-0.927
0.0,0.0,-0.581
0.0,0.0,-0.148
0.0,0.0,0.198
0.0,-0.525,0.0
0.0,-4.594,0.0
0.0,-8.01,0.0
0.0,-9.924,0.0
0.0,-9.578,0.0
0.0,-9.231,0.0
0.0,-8.799,0.0
0.0,-8.453,0.0
0.0,-8.106,0.0
0.0,-7.76,0.0
0.0,-7.328,0.0
0.0,-6.981,0.0
0.0,-6.635,0.0
0.0,-6.203,0.0
0.0,-5.856,0.0
0.0,-5.51,0.0
0.0,-5.078,0.0
0.0,-4.731,0.0
0.0,-4.385,0.0
0.0,-3.953,0.0
0.0,-3.606,0.0
0.0,-3.26,0.0
0.0,-2.914,0.0
0.0,-2.481,0.0
0.0,-2.135,0.0
0.0,-1.789,0.0
0.0,-1.442,0.0
0.0,-1.01,0.0
0.0,-0.664,0.0
0.0,-0.317,0.0
0.0,-0.34,0.0
0.0,-0.686,0.0
0.0,-1.119,0.0
0.0,-1.465,0.0
0.0,-1.812,0.0
0.0,-2.158,0.0
0.0,-2.504,0.0
0.0,-2.936,0.0
0.0,-3.283,0.0
0.0,-3.715,0.0
0.0,-4.062,0.0
0.0,-4.408,0.0
0.0,-4.754,0.0
0.0,-5.186,0.0
0.0,-5.533,0.0
0.0,-5.879,0.0
0.0,-6.312,0.0
0.0,-6.658,0.0
0.0,-7.09,0.0
0.0,-7.436,0.0
0.0,-7.783,0.0
0.0,-8.215,0.0
0.0,-8.562,0.0
0.0,-8.908,0.0
0.0,-9.34,0.0
0.0,-9.686,0.0
0.0,-9.494,0.0
0.0,-9.147,0.0
0.0,-8.715,0.0
0.0,-8.369,0.0
0.0,-8.022,0.0
0.0,-7.676,0.0
0.0,-7.244,0.0
0.0,-6.897,0.0
0.0,-6.551,0.0
0.0,-6.119,0.0
0.0,-5.772,0.0
0.0,-5.34,0.0
0.0,-4.994,0.0
0.0,-4.647,0.0
0.0,-4.301,0.0
0.0,-3.869,0.0
0.0,-3.522,0.0
0.0,-3.176,0.0
0.0,-2.744,0.0
0.0,-2.397,0.0
0.0,-2.051,0.0
0.0,-1.705,0.0
0.0,-1.272,0.0
0.0,-0.926,0.0
0.0,-0.58,0.0
0.0,-0.147,0.0
0.0,0.199,0.0
0.0,0.0,0.0
0.0,15.303,0.0
0.0,18.936,0.0
0.0,22.72,0.0
0.0,26.503,0.0
0.0,30.286,0.0
0.0,33.986,0.0
0.0,37.603,0.0
0.0,41.219,0.0
0.0,44.92,0.0
0.0,48.586,0.0
0.0,52.32,0.0
0.0,56.153,0.0
0.0,59.903,0.0
0.0,63.52,0.0
0.0,67.103,0.0
0.0,70.87,0.0
0.0,74.436,0.0
0.0,78.17,0.0
0.0,81.72,0.0
0.0,85.436,0.0
0.0,89.053,0.0
0.0,92.703,0.0
0.0,96.453,0.0
0.0,100.086,0.0
0.0,103.87,0.0
0.0,107.603,0.0
0.0,111.336,0.0
0.0,115.07,0.0
0.0,118.82,0.0
0.0,122.553,0.0
0.0,126.253,0.0
0.0,129.836,0.0
0.0,133.486,0.0
0.0,137.236,0.0
0.0,140.97,0.0
0.0,144.57,0.0
0.0,148.203,0.0
0.0,151.836,0.0
0.0,155.42,0.0
0.0,158.953,0.0
0.0,162.37,0.0
0.0,166.12,0.0
0.0,169.836,0.0
0.0,173.22,0.0
0.0,176.986,0.0
0.0,180.82,0.0
0.0,184.419,0.0
0.0,188.053,0.0
0.0,191.836,0.0
0.0,195.653,0.0
0.0,199.22,0.0
0.0,202.903,0.0
0.0,206.536,0.0
0.0,210.036,0.0
0.0,213.453,0.0
0.0,217.22,0.0
0.0,220.886,0.0
0.0,224.486,0.0
0.0,228.136,0.0
0.0,231.786,0.0
0.0,235.37,0.0
0.0,239.003,0.0
0.0,242.753,0.0
0.0,246.453,0.0
0.0,250.136,0.0
0.0,253.653,0.0
0.0,257.253,0.0
0.0,260.953,0.0
0.0,264.703,0.0
0.0,268.303,0.0
0.0,271.986,0.0
0.0,275.836,0.0
0.0,279.57,0.0
0.0,283.186,0.0
0.0,286.836,0.0
0.0,290.57,0.0
0.0,294.386,0.0
0.0,298.12,0.0
0.0,301.903,0.0
0.0,305.653,0.0
0.0,309.47,0.0
0.0,313.303,0.0
0.0,316.97,0.0
0.0,320.636,0.0
0.0,324.17,0.0
0.0,327.819,0.0
0.0,331.403,0.0
0.0,335.203,0.0
0.0,338.87,0.0
0.0,342.453,0.0
0.0,346.22,0.0
0.0,349.736,0.0
0.0,353.27,0.0
0.0,356.97,0.0
0.0,360.553,0.0
0.0,364.286,0.0
0.0,368.053,0.0
0.0,371.537,0.0
0.0,372.0,0.0
0.0,356.689,0.0
0.0,353.106,0.0
0.0,349.639,0.0
0.0,346.19,0.0
0.0,342.59,0.0
0.0,338.873,0.0
0.0,335.256,0.0
0.0,331.456,0.0
0.0,327.806,0.0
0.0,324.19,0.0
0.0,320.623,0.0
0.0,316.873,0.0
0.0,313.256,0.0
0.0,309.623,0.0
0.0,305.906,0.0
0.0,302.223,0.0
0.0,298.306,0.0
0.0,294.539,0.0
0.0,290.806,0.0
0.0,287.039,0.0
0.0,283.306,0.0
0.0,279.456,0.0
0.0,275.856,0.0
0.0,272.039,0.0
0.0,268.273,0.0
0.0,264.689,0.0
0.0,260.923,0.0
0.0,257.056,0.0
0.0,253.273,0.0
0.0,249.706,0.0
0.0,246.056,0.0
0.0,242.273,0.0
0.0,238.689,0.0
0.0,235.056,0.0
0.0,231.406,0.0
0.0,227.623,0.0
0.0,223.923,0.0
0.0,220.223,0.0
0.0,216.506,0.0
0.0,212.889,0.0
0.0,209.256,0.0
0.0,205.523,0.0
0.0,201.906,0.0
0.0,198.223,0.0
0.0,194.689,0.0
0.0,191.106,0.0
0.0,187.323,0.0
0.0,183.856,0.0
0.0,180.256,0.0
0.0,176.623,0.0
0.0,173.023,0.0
0.0,169.289,0.0
0.0,165.539,0.0
0.0,161.923,0.0
0.0,158.306,0.0
0.0,154.79,0.0
0.0,151.089,0.0
0.0,147.273,0.0
0.0,143.639,0.0
0.0,139.973,0.0
0.0,136.373,0.0
0.0,132.739,0.0
0.0,128.973,0.0
0.0,125.073,0.0
0.0,121.489,0.0
0.0,117.823,0.0
0.0,114.006,0.0
0.0,110.239,0.0
0.0,106.506,0.0
0.0,102.773,0.0
0.0,99.289,0.0
0.0,95.656,0.0
0.0,91.99,0.0
0.0,88.339,0.0
0.0,84.706,0.0
0.0,80.923,0.0
0.0,77.289,0.0
0.0,73.689,0.0
0.0,70.073,0.0
0.0,66.473,0.0
0.0,62.59,0.0
0.0,58.973,0.0
0.0,55.239,0.0
0.0,51.456,0.0
0.0,47.873,0.0
0.0,44.073,0.0
0.0,40.423,0.0
0.0,37.242,0.0
0.0,37.0,0.0
1.0,37.0,0.0
2.0,37.0,0.0
3.0,37.0,0.0
4.0,37.0,0.0
5.0,37.0,0.0
6.0,37.0,0.0
7.0,37.0,0.0
8.0,37.0,0.0
9.0,37.0,0.0
10.0,37.0,0.0
11.0,37.0,0.0
12.0,37.0,0.0
13.0,37.0,0.0
14.0,37.0,0.0
15.0,37.0,0.0
16.0,37.0,0.0
17.0,37.0,0.0
18.0,37.0,0.0
19.0,37.0,0.0
20.0,37.0,0.0
21.0,37.0,0.0
22.0,37.0,0.0
23.0,37.0,0.0
24.0,37.0,0.0
25.0,37.0,0.0
26.0,37.0,0.0
27.0,37.0,0.0
28.0,37.0,0.0
29.0,37.0,0.0
30.0,37.0,0.0
31.0,37.0,0.0
32.0,37.0,0.0
33.0,37.0,0.0
34.0,37.0,0.0
35.0,37.0,0.0
36.0,37.0,0.0
37.0,37.0,0.0
38.0,37.0,0.0
39.0,37.0,0.0
40.0,37.0,0.0
41.0,37.0,0.0
42.0,37.0,0.0
43.0,37.0,0.0
44.0,37.0,0.0
45.0,37.0,0.0
46.0,37.0,0.0
47.0,37.0,0.0
48.0,37.0,0.0
49.0,37.0,0.0
50.0,37.0,0.0
51.0,37.0,0.0
52.0,37.0,0.0
53.0,37.0,0.0
54.0,37.0,0.0
55.0,37.0,0.0
56.0,37.0,0.0
57.0,37.0,0.0
58.0,37.0,0.0
59.0,37.0,0.0
60.0,37.0,0.0
61.0,37.0,0.0
62.0,37.0,0.0
63.0,37.0,0.0
64.0,37.0,0.0
65.0,37.0,0.0
66.0,37.0,0.0
67.0,37.0,0.0
68.0,37.0,0.0
69.0,37.0,0.0
70.0,37.0,0.0
71.0,37.0,0.0
72.0,37.0,0.0
73.0,37.0,0.0
74.0,37.0,0.0
75.0,37.0,0.0
76.0,37.0,0.0
77.0,37.0,0.0
78.0,37.0,0.0
79.0,37.0,0.0
80.0,37.0,0.0
81.0,37.0,0.0
82.0,37.0,0.0
83.0,37.0,0.0
84.0,37.0,0.0
85.0,37.0,0.0
86.0,37.0,0.0
87.0,37.0,0.0
88.0,37.0,0.0
89.0,37.0,0.0
90.0,37.0,0.0
91.0,37.0,0.0
92.0,37.0,0.0
93.0,37.0,0.0
94.0,37.0,0.0
95.0,37.0,0.0
96.0,37.0,0.0
97.0,37.0,0.0
98.0,37.0,0.0
99.0,37.0,0.0
100.0,37.0,0.0
-12.877,0.0,0.0
-16.35,0.0,0.0
-19.12,0.0,0.0
-21.89,0.0,0.0
-25.349,0.0,0.0
-28.12,0.0,0.0
-30.89,0.0,0.0
-33.66,0.0,0.0
-37.12,0.0,0.0
-39.89,0.0,0.0
-42.66,0.0,0.0
-45.43,0.0,0.0
-48.89,0.0,0.0
-51.66,0.0,0.0
-54.43,0.0,0.0
-57.201,0.0,0.0
-60.66,0.0,0.0
-63.431,0.0,0.0
-66.201,0.0,0.0
-69.66,0.0,0.0
-72.43,0.0,0.0
-75.201,0.0,0.0
-77.971,0.0,0.0
-81.43,0.0,0.0
-84.201,0.0,0.0
-86.971,0.0,0.0
-89.741,0.0,0.0
-93.201,0.0,0.0
-95.971,0.0,0.0
-98.741,0.0,0.0
-102.201,0.0,0.0
-104.971,0.0,0.0
-107.741,0.0,0.0
-111.201,0.0,0.0
-111.918,0.0,0.0
-111.572,0.0,0.0
-111.139,0.0,0.0
-110.793,0.0,0.0
-110.447,0.0,0.0
-110.101,0.0,0.0
-109.668,0.0,0.0
-109.322,0.0,0.0
-108.976,0.0,0.0
-108.543,0.0,0.0
-108.197,0.0,0.0
-107.851,0.0,0.0
-107.418,0.0,0.0
-107.072,0.0,0.0
-106.726,0.0,0.0
-106.293,0.0,0.0
-105.947,0.0,0.0
-105.601,0.0,0.0
-105.254,0.0,0.0
-104.822,0.0,0.0
-104.476,0.0,0.0
-104.129,0.0,0.0
-103.697,0.0,0.0
-103.351,0.0,0.0
-103.004,0.0,0.0
-102.658,0.0,0.0
-102.312,0.0,0.0
-102.358,0.0,0.0
-102.704,0.0,0.0
-103.051,0.0,0.0
-103.483,0.0,0.0
-103.829,0.0,0.0
-104.262,0.0,0.0
-104.608,0.0,0.0
-104.954,0.0,0.0
-105.301,0.0,0.0
-105.647,0.0,0.0
-106.079,0.0,0.0
-106.425,0.0,0.0
-106.772,0.0,0.0
-107.118,0.0,0.0
-107.551,0.0,0.0
-107.897,0.0,0.0
-108.243,0.0,0.0
-108.589,0.0,0.0
-108.936,0.0,0.0
-109.368,0.0,0.0
-109.714,0.0,0.0
-110.061,0.0,0.0
-110.493,0.0,0.0
-110.839,0.0,0.0
-110.751,0.0,0.0
-110.405,0.0,0.0
-109.972,0.0,0.0
-109.626,0.0,0.0
-109.28,0.0,0.0
-108.933,0.0,0.0
-108.501,0.0,0.0
-108.155,0.0,0.0
-107.808,0.0,0.0
-107.376,0.0,0.0
-107.03,0.0,0.0
-106.597,0.0,0.0
-106.251,0.0,0.0
-105.905,0.0,0.0
-105.558,0.0,0.0
-105.212,0.0,0.0
-104.78,0.0,0.0
-104.433,0.0,0.0
-104.001,0.0,0.0
-103.655,0.0,0.0
-103.222,0.0,0.0
-102.876,0.0,0.0
-102.53,0.0,0.0
-102.183,0.0,0.0
-101.751,0.0,0.0
-101.405,0.0,0.0
-100.973,0.0,0.0
0.0,0.0,-1.851
0.0,0.0,-4.622
0.0,0.0,-8.081
0.0,0.0,-10.851
0.0,0.0,-13.621
0.0,0.0,-16.392
0.0,0.0,-19.851
0.0,0.0,-22.622
0.0,0.0,-25.392
0.0,0.0,-25.562
0.0,0.0,-25.13
0.0,0.0,-24.784
0.0,0.0,-24.437
0.0,0.0,-24.005
0.0,0.0,-23.658
0.0,0.0,-23.312
0.0,0.0,-22.966
0.0,0.0,-22.534
0.0,0.0,-22.187
0.0,0.0,-21.755
0.0,0.0,-21.408
0.0,0.0,-21.062
0.0,0.0,-20.716
0.0,0.0,-20.284
0.0,0.0,-19.937
0.0,0.0,-19.591
0.0,0.0,-19.245
0.0,0.0,-18.812
0.0,0.0,-18.466
0.0,0.0,-18.12
0.0,0.0,-17.687
0.0,0.0,-17.341
0.0,0.0,-16.995
0.0,0.0,-16.648
0.0,0.0,-16.302
0.0,0.0,-15.87
0.0,0.0,-15.523
0.0,0.0,-15.091
0.0,0.0,-14.745
0.0,0.0,-14.398
0.0,0.0,-13.966
0.0,0.0,-13.62
0.0,0.0,-13.273
0.0,0.0,-12.927
0.0,0.0,-12.495
0.0,0.0,-12.148
0.0,0.0,-11.802
0.0,0.0,-11.37
0.0,0.0,-11.023
0.0,0.0,-10.677
0.0,0.0,-10.245
0.0,0.0,-9.898
0.0,0.0,-9.552
0.0,0.0,-9.12
0.0,0.0,-8.773
0.0,0.0,-8.427
0.0,0.0,-7.995
0.0,0.0,-7.648
0.0,0.0,-7.302
0.0,0.0,-6.87
0.0,0.0,-7.124
0.0,0.0,-7.47
0.0,0.0,-7.816
0.0,0.0,-8.249
0.0,0.0,-8.595
0.0,0.0,-8.941
0.0,0.0,-9.374
0.0,0.0,-9.72
0.0,0.0,-10.066
0.0,0.0,-10.499
0.0,0.0,-10.845
0.0,0.0,-11.277
0.0,0.0,-11.624
0.0,0.0,-11.97
0.0,0.0,-12.316
0.0,0.0,-12.749
0.0,0.0,-13.095
0.0,0.0,-13.441
0.0,0.0,-13.787
0.0,0.0,-14.22
0.0,0.0,-14.566
0.0,0.0,-14.999
0.0,0.0,-15.345
0.0,0.0,-15.691
0.0,0.0,-16.037
0.0,0.0,-16.47
0.0,0.0,-16.816
0.0,0.0,-17.162
0.0,0.0,-17.595
0.0,0.0,-17.941
0.0,0.0,-18.287
0.0,0.0,-18.634
0.0,0.0,-19.066
0.0,0.0,-19.412
0.0,0.0,-19.759
0.0,0.0,-20.191
0.0,0.0,-20.537
0.0,0.0,-20.97
0.0,0.0,-21.316
0.0,0.0,-21.662
0.0,0.0,-22.009
0.0,0.0,-22.355
0.0,0.0,-22.788
0.0,0.0,-23.134
0.0,0.0,-23.48
0.0,0.0,-23.912
0.0,0.0,-24.259
0.0,0.0,-24.605
0.0,0.0,-24.951
0.0,0.0,-25.298
0.0,0.0,-25.282
0.0,0.0,-24.936
0.0,0.0,-24.59
0.0,0.0,-24.157
0.0,0.0,-23.811
0.0,0.0,-23.465
0.0,0.0,-23.118
0.0,0.0,-22.686
0.0,0.0,-22.34
0.0,0.0,-21.993
0.0,0.0,-21.561
0.0,0.0,-21.215
0.0,0.0,-20.868
0.0,0.0,-20.436
0.0,0.0,-20.09
0.0,0.0,-19.743
0.0,0.0,-19.311
0.0,0.0,-18.965
0.0,0.0,-18.618
0.0,0.0,-18.272
0.0,0.0,-17.84
0.0,0.0,-17.493
0.0,0.0,-17.147
0.0,0.0,-16.801
0.0,0.0,-16.368
0.0,0.0,-16.022
0.0,0.0,-15.676
0.0,0.0,-15.243
0.0,0.0,-14.897
0.0,0.0,-14.551
0.0,0.0,-14.118
0.0,0.0,-13.772
0.0,0.0,-13.426
0.0,0.0,-13.08
0.0,0.0,-12.647
0.0,0.0,-12.301
0.0,0.0,-11.955
0.0,0.0,-11.522
0.0,0.0,-11.176
0.0,0.0,-10.83
0.0,0.0,-10.397
0.0,0.0,-10.051
0.0,0.0,-9.705
0.0,0.0,-9.272
0.0,0.0,-8.926
0.0,0.0,-8.58
0.0,0.0,-8.233
0.0,0.0,-7.887
0.0,0.0,-7.455
0.0,0.0,-7.108
0.0,0.0,-6.762
0.0,-0.129,0.0
0.0,-3.745,0.0
0.0,-7.161,0.0
0.0,-11.428,0.0
0.0,-14.845,0.0
0.0,-18.261,0.0
0.0,-22.528,0.0
0.0,-25.945,0.0
0.0,-29.361,0.0
0.0,-33.628,0.0
0.0,-37.045,0.0
0.0,-40.461,0.0
0.0,-44.728,0.0
0.0,-47.241,0.0
0.0,-46.895,0.0
0.0,-46.549,0.0
0.0,-46.116,0.0
0.0,-45.77,0.0
0.0,-45.338,0.0
0.0,-44.991,0.0
0.0,-44.645,0.0
0.0,-44.299,0.0
0.0,-43.866,0.0
0.0,-43.52,0.0
0.0,-43.174,0.0
0.0,-42.741,0.0
0.0,-42.395,0.0
0.0,-42.049,0.0
0.0,-41.702,0.0
0.0,-41.27,0.0
0.0,-40.924,0.0
0.0,-40.577,0.0
0.0,-40.231,0.0
0.0,-39.799,0.0
0.0,-39.452,0.0
0.0,-39.02,0.0
0.0,-38.674,0.0
0.0,-38.241,0.0
0.0,-37.895,0.0
0.0,-37.549,0.0
0.0,-37.391,0.0
0.0,-37.823,0.0
0.0,-38.17,0.0
0.0,-38.516,0.0
0.0,-38.948,0.0
0.0,-39.295,0.0
0.0,-39.727,0.0
0.0,-40.073,0.0
0.0,-40.42,0.0
0.0,-40.766,0.0
0.0,-41.198,0.0
0.0,-41.545,0.0
0.0,-41.891,0.0
0.0,-42.323,0.0
0.0,-42.67,0.0
0.0,-43.102,0.0
0.0,-43.448,0.0
0.0,-43.795,0.0
0.0,-44.227,0.0
0.0,-44.573,0.0
0.0,-44.92,0.0
0.0,-45.266,0.0
0.0,-45.698,0.0
0.0,-46.045,0.0
0.0,-46.391,0.0
0.0,-46.823,0.0
0.0,-46.711,0.0
0.0,-46.365,0.0
0.0,-45.933,0.0
0.0,-45.586,0.0
0.0,-45.24,0.0
0.0,-44.808,0.0
0.0,-44.461,0.0
0.0,-44.115,0.0
0.0,-43.769,0.0
0.0,-43.336,0.0
0.0,-42.99,0.0
0.0,-42.644,0.0
0.0,-42.211,0.0
0.0,-41.865,0.0
0.0,-41.519,0.0
0.0,-41.086,0.0
0.0,-40.74,0.0
0.0,-40.394,0.0
0.0,-40.047,0.0
0.0,-39.615,0.0
0.0,-39.269,0.0
0.0,-38.922,0.0
0.0,-38.49,0.0
0.0,-38.144,0.0
0.0,-37.797,0.0
0.0,-37.451,0.0
0.0,-37.019,0.0
0.0,0.0,0.0
0.0,0.0,0.0
0.0,15.453,0.0
0.0,34.371,0.0
0.0,38.254,0.0
0.0,42.004,0.0
0.0,45.637,0.0
0.0,49.237,0.0
0.0,52.854,0.0
0.0,56.587,0.0
0.0,60.171,0.0
0.0,63.787,0.0
0.0,67.521,0.0
0.0,71.321,0.0
0.0,74.904,0.0
0.0,78.487,0.0
0.0,82.037,0.0
0.0,85.62,0.0
0.0,89.337,0.0
0.0,92.854,0.0
0.0,96.437,0.0
0.0,100.171,0.0
0.0,103.904,0.0
0.0,107.671,0.0
0.0,111.537,0.0
0.0,115.237,0.0
0.0,118.82,0.0
0.0,122.487,0.0
0.0,126.054,0.0
0.0,129.771,0.0
0.0,133.371,0.0
0.0,137.004,0.0
0.0,140.671,0.0
0.0,144.354,0.0
0.0,147.987,0.0
0.0,151.804,0.0
0.0,155.471,0.0
0.0,159.054,0.0
0.0,162.537,0.0
0.0,166.137,0.0
0.0,169.787,0.0
0.0,173.387,0.0
0.0,177.054,0.0
0.0,180.904,0.0
0.0,184.404,0.0
-11.176,37.0,0.0
-10.83,37.0,0.0
-10.397,37.0,0.0
-10.051,37.0,0.0
-9.705,37.0,0.0
-9.358,37.0,0.0
-8.926,37.0,0.0
-8.58,37.0,0.0
-8.233,37.0,0.0
-7.801,37.0,0.0
-7.455,37.0,0.0
-7.022,37.0,0.0
-6.676,37.0,0.0
-6.33,37.0,0.0
-5.897,37.0,0.0
-5.551,37.0,0.0
-5.205,37.0,0.0
-4.858,37.0,0.0
-4.512,37.0,0.0
-4.08,37.0,0.0
-3.733,37.0,0.0
-3.387,37.0,0.0
-2.955,37.0,0.0
-2.608,37.0,0.0
-2.262,37.0,0.0
-1.83,37.0,0.0
-1.483,37.0,0.0
-1.538,37.0,0.0
-1.884,37.0,0.0
-2.231,37.0,0.0
-2.663,37.0,0.0
-3.009,37.0,0.0
-3.356,37.0,0.0
-3.788,37.0,0.0
-4.134,37.0,0.0
-4.481,37.0,0.0
-4.913,37.0,0.0
-5.259,37.0,0.0
-5.606,37.0,0.0
-6.038,37.0,0.0
-6.384,37.0,0.0
-6.731,37.0,0.0
-7.163,37.0,0.0
-7.509,37.0,0.0
-7.856,37.0,0.0
-8.202,37.0,0.0
-8.634,37.0,0.0
-8.981,37.0,0.0
-9.327,37.0,0.0
-9.759,37.0,0.0
-9.917,37.0,0.0
-9.571,37.0,0.0
-9.225,37.0,0.0
-8.792,37.0,0.0
-8.446,37.0,0.0
-8.1,37.0,0.0
-7.667,37.0,0.0
-7.321,37.0,0.0
-6.975,37.0,0.0
-6.542,37.0,0.0
-6.196,37.0,0.0
-5.85,37.0,0.0
-5.417,37.0,0.0
-5.071,37.0,0.0
-4.725,37.0,0.0
-4.292,37.0,0.0
-3.946,37.0,0.0
-3.514,37.0,0.0
-3.167,37.0,0.0
-2.735,37.0,0.0
-2.389,37.0,0.0
-2.042,37.0,0.0
-1.61,37.0,0.0
-1.264,37.0,0.0
-0.917,37.0,0.0
-0.485,37.0,0.0
-0.139,37.0,0.0
0.0,37.0,-0.524
0.0,37.0,-3.243
0.0,37.0,-6.703
0.0,37.0,-9.473
0.0,37.0,-11.529
0.0,37.0,-11.096
0.0,37.0,-10.75
0.0,37.0,-10.318
0.0,37.0,-9.971
0.0,37.0,-9.625
0.0,37.0,-9.279
0.0,37.0,-8.846
0.0,37.0,-8.414
0.0,37.0,-8.068
0.0,37.0,-7.721
0.0,37.0,-7.289
0.0,37.0,-6.943
0.0,37.0,-6.596
0.0,37.0,-6.164
0.0,37.0,-5.818
0.0,37.0,-5.471
0.0,37.0,-5.039
0.0,37.0,-4.693
0.0,37.0,-4.346
0.0,37.0,-3.914
0.0,37.0,-3.568
0.0,37.0,-3.221
0.0,37.0,-2.875
0.0,37.0,-2.443
0.0,37.0,-2.096
0.0,37.0,-1.75
0.0,37.0,-1.404
0.0,37.0,-0.971
0.0,37.0,-0.625
0.0,37.0,-0.279
0.0,37.0,0.154
0.0,37.0,0.5
0.0,37.0,0.846
0.0,37.0,1.279
0.0,37.0,1.625
0.0,37.0,1.971
0.0,37.0,2.318
0.0,37.0,2.75
0.0,37.0,3.096
0.0,37.0,3.443
0.0,37.0,3.789
0.0,37.0,4.221
0.0,37.0,4.568
0.0,37.0,4.914
0.0,37.0,5.26
0.0,37.0,5.606
0.0,37.0,6.039
0.0,37.0,6.385
0.0,37.0,6.731
0.0,37.0,7.164
0.0,37.0,7.329
0.0,37.0,6.983
0.0,37.0,6.636
0.0,37.0,6.204
0.0,37.0,5.858
0.0,37.0,5.425
0.0,37.0,5.079
0.0,37.0,4.646
0.0,37.0,4.3
0.0,37.0,3.954
0.0,37.0,3.521
0.0,37.0,3.175
0.0,37.0,2.829
0.0,37.0,2.483
0.0,37.0,2.05
0.0,37.0,1.704
0.0,37.0,1.358
0.0,37.0,1.011
0.0,37.0,0.579
0.0,37.0,0.233
0.0,37.0,-0.2
0.0,37.0,-0.546
0.0,37.0,-0.892
0.0,37.0,-1.239
0.0,37.0,-1.671
0.0,37.0,-2.017
0.0,37.0,-2.45
0.0,37.0,-2.796
0.0,37.0,-3.142
0.0,37.0,-3.489
0.0,37.0,-3.921
0.0,37.0,-4.267
0.0,37.0,-4.614
0.0,37.0,-4.96
0.0,37.0,-5.392
0.0,37.0,-5.739
0.0,37.0,-6.171
0.0,37.0,-6.517
0.0,37.0,-6.864
0.0,37.0,-7.21
0.0,37.0,-7.642
0.0,37.0,-7.989
0.0,37.0,-8.335
0.0,37.0,-8.767
0.0,37.0,-9.114
0.0,37.0,-9.546
0.0,37.0,-9.892
0.0,37.0,-10.239
0.0,37.0,-10.585
0.0,37.0,-11.017
0.0,37.0,-11.237
0.0,37.0,-10.891
0.0,37.0,-10.544
0.0,37.0,-10.112
0.0,37.0,-9.766
0.0,37.0,-9.419
0.0,37.0,-9.073
0.0,37.0,-8.641
0.0,37.0,-8.294
0.0,37.0,-7.948
0.0,37.0,-7.516
0.0,37.0,-7.169
0.0,37.0,-6.737
0.0,37.0,-6.391
0.0,37.0,-6.044
0.0,37.0,-5.612
0.0,37.0,-5.266
0.0,37.0,-4.919
0.0,37.0,-4.573
0.0,37.0,-4.141
0.0,37.0,-3.794
0.0,37.0,-3.448
0.0,37.0,-3.016
0.0,37.0,-2.669
0.0,37.0,-2.323
0.0,37.0,-1.891
0.0,37.0,-1.544
0.0,37.0,-1.198
0.0,37.0,-0.852
0.0,37.0,-0.505
0.0,37.0,-0.073
0.0,37.0,0.273
0.0,37.0,0.62
0.0,37.0,0.966
0.0,37.0,1.398
0.0,37.0,1.745
0.0,37.0,2.091
0.0,37.0,2.523
0.0,37.0,2.87
0.0,37.0,3.216
0.0,37.0,3.648
0.0,37.0,3.995
0.0,37.0,4.341
0.0,37.0,4.773
0.0,37.0,5.12
0.0,37.0,5.466
0.0,37.0,5.812
0.0,37.0,6.245
0.0,37.0,6.591
0.0,37.0,6.937
0.0,37.0,7.283
0.0,37.0,7.63
0.0,34.973,0.0
0.0,31.556,0.0
0.0,28.14,0.0
0.0,24.723,0.0
0.0,20.456,0.0
0.0,17.04,0.0
0.0,13.623,0.0
0.0,9.356,0.0
0.0,5.939,0.0
0.0,2.523,0.0
0.0,-0.894,0.0
0.0,-5.16,0.0
0.0,-8.577,0.0
0.0,-10.228,0.0
0.0,-9.795,0.0
0.0,-9.449,0.0
0.0,-9.103,0.0
0.0,-8.67,0.0
0.0,-8.324,0.0
0.0,-7.978,0.0
0.0,-7.632,0.0
0.0,-7.199,0.0
0.0,-6.853,0.0
0.0,-6.507,0.0
0.0,-6.16,0.0
0.0,-5.728,0.0
0.0,-5.382,0.0
0.0,-5.035,0.0
0.0,-4.603,0.0
0.0,-4.257,0.0
0.0,-3.91,0.0
0.0,-3.478,0.0
0.0,-3.132,0.0
0.0,-2.785,0.0
0.0,-2.439,0.0
0.0,-2.007,0.0
0.0,-1.66,0.0
0.0,-1.314,0.0
0.0,-0.882,0.0
0.0,-0.535,0.0
0.0,-0.536,0.0
0.0,-0.882,0.0
0.0,-1.229,0.0
0.0,-1.661,0.0
0.0,-2.007,0.0
0.0,-2.354,0.0
0.0,-2.7,0.0
0.0,-3.132,0.0
0.0,-3.479,0.0
0.0,-3.825,0.0
0.0,-4.257,0.0
0.0,-4.604,0.0
0.0,-4.95,0.0
0.0,-5.296,0.0
0.0,-5.729,0.0
0.0,-6.075,0.0
0.0,-6.421,0.0
0.0,-6.854,0.0
0.0,-7.2,0.0
0.0,-7.632,0.0
0.0,-7.979,0.0
0.0,-8.325,0.0
0.0,-8.757,0.0
0.0,-9.104,0.0
0.0,-9.45,0.0
0.0,-9.796,0.0
0.0,-9.788,0.0
0.0,-9.441,0.0
0.0,-9.095,0.0
0.0,-8.663,0.0
0.0,-8.316,0.0
0.0,-7.97,0.0
0.0,-7.624,0.0
0.0,-7.278,0.0
0.0,-6.845,0.0
0.0,-6.499,0.0
0.0,-6.153,0.0
0.0,-5.72,0.0
0.0,-5.374,0.0
0.0,-5.028,0.0
0.0,-4.595,0.0
0.0,-4.249,0.0
0.0,-3.903,0.0
0.0,-3.556,0.0
0.0,-3.124,0.0
0.0,-2.778,0.0
0.0,-2.431,0.0
0.0,-1.999,0.0
0.0,-1.653,0.0
0.0,-1.306,0.0
0.0,-0.874,0.0
0.0,-0.528,0.0
0.0,-0.095,0.0
0.0,0.0,0.0
0.0,15.274,0.0
0.0,19.075,0.0
0.0,22.575,0.0
0.0,26.142,0.0
0.0,29.942,0.0
0.0,33.342,0.0
0.0,36.958,0.0
0.0,40.558,0.0
0.0,44.175,0.0
0.0,47.992,0.0
0.0,51.758,0.0
0.0,55.358,0.0
0.0,59.091,0.0
0.0,62.725,0.0
0.0,66.475,0.0
0.0,70.308,0.0
0.0,73.925,0.0
0.0,77.625,0.0
0.0,81.108,0.0
0.0,84.825,0.0
0.0,88.358,0.0
0.0,91.975,0.0
0.0,95.542,0.0
0.0,99.342,0.0
0.0,103.075,0.0
0.0,106.675,0.0
0.0,110.508,0.0
0.0,114.241,0.0
0.0,117.858,0.0
0.0,121.608,0.0
0.0,125.291,0.0
0.0,128.975,0.0
0.0,132.708,0.0
0.0,136.458,0.0
0.0,140.192,0.0
0.0,143.792,0.0
0.0,147.575,0.0
0.0,151.091,0.0
0.0,154.691,0.0
0.0,158.308,0.0
0.0,161.992,0.0
0.0,165.658,0.0
0.0,169.475,0.0
0.0,173.258,0.0
0.0,176.925,0.0
0.0,180.558,0.0
0.0,184.342,0.0
0.0,187.942,0.0
0.0,191.691,0.0
0.0,195.258,0.0
0.0,199.075,0.0
0.0,202.808,0.0
0.0,206.608,0.0
0.0,210.208,0.0
0.0,213.925,0.0
0.0,217.658,0.0
0.0,221.425,0.0
0.0,225.208,0.0
0.0,228.808,0.0
0.0,232.542,0.0
0.0,236.308,0.0
0.0,239.958,0.0
0.0,243.608,0.0
0.0,247.192,0.0
0.0,251.058,0.0
0.0,254.775,0.0
0.0,258.491,0.0
0.0,262.241,0.0
0.0,265.875,0.0
0.0,269.641,0.0
0.0,273.275,0.0
0.0,276.858,0.0
0.0,280.408,0.0
0.0,283.858,0.0
0.0,287.742,0.0
0.0,291.325,0.0
0.0,295.125,0.0
0.0,298.742,0.0
0.0,302.342,0.0
0.0,305.925,0.0
0.0,309.675,0.0
0.0,313.325,0.0
0.0,316.942,0.0
0.0,320.542,0.0
0.0,324.308,0.0
0.0,328.025,0.0
0.0,331.792,0.0
0.0,335.708,0.0
0.0,339.308,0.0
0.0,342.925,0.0
0.0,346.525,0.0
0.0,350.125,0.0
0.0,354.008,0.0
0.0,357.742,0.0
0.0,361.375,0.0
0.0,365.075,0.0
0.0,368.775,0.0
0.0,371.822,0.0
0.0,372.0,0.0
0.0,356.657,0.0
0.0,352.69,0.0
0.0,349.24,0.0
0.0,345.64,0.0
0.0,341.857,0.0
0.0,338.057,0.0
0.0,334.357,0.0
0.0,330.723,0.0
0.0,327.04,0.0
0.0,323.39,0.0
0.0,319.69,0.0
0.0,315.923,0.0
0.0,312.357,0.0
0.0,308.69,0.0
0.0,304.89,0.0
0.0,301.273,0.0
0.0,297.624,0.0
0.0,293.973,0.0
0.0,290.473,0.0
0.0,286.623,0.0
0.0,282.99,0.0
0.0,279.423,0.0
0.0,275.873,0.0
0.0,272.107,0.0
0.0,268.307,0.0
0.0,264.59,0.0
0.0,261.073,0.0
0.0,257.323,0.0
0.0,253.573,0.0
0.0,249.973,0.0
0.0,246.057,0.0
0.0,242.606,0.0
0.0,239.04,0.0
0.0,235.39,0.0
0.0,231.89,0.0
0.0,228.173,0.0
0.0,224.606,0.0
0.0,220.99,0.0
0.0,217.39,0.0
0.0,213.623,0.0
0.0,209.79,0.0
0.0,206.206,0.0
0.0,202.49,0.0
0.0,198.79,0.0
0.0,195.273,0.0
0.0,191.54,0.0
0.0,187.79,0.0
0.0,184.073,0.0
0.0,180.39,0.0
0.0,176.84,0.0
0.0,173.09,0.0
0.0,169.323,0.0
0.0,165.69,0.0
0.0,162.057,0.0
0.0,158.307,0.0
0.0,154.623,0.0
0.0,151.057,0.0
0.0,147.423,0.0
0.0,143.857,0.0
0.0,140.273,0.0
0.0,136.673,0.0
0.0,133.073,0.0
0.0,129.323,0.0
0.0,125.556,0.0
0.0,121.873,0.0
0.0,118.173,0.0
0.0,114.423,0.0
0.0,110.423,0.0
0.0,106.806,0.0
0.0,103.057,0.0
0.0,99.44,0.0
0.0,95.79,0.0
0.0,92.206,0.0
0.0,88.54,0.0
0.0,84.873,0.0
0.0,81.09,0.0
0.0,77.507,0.0
0.0,73.79,0.0
0.0,70.14,0.0
0.0,66.54,0.0
0.0,62.957,0.0
0.0,59.39,0.0
0.0,55.673,0.0
0.0,52.19,0.0
0.0,48.59,0.0
0.0,44.973,0.0
0.0,41.123,0.0
0.0,37.43,0.0
0.0,37.0,0.0
1.0,37.0,0.0
2.0,37.0,0.0
3.0,37.0,0.0
4.0,37.0,0.0
5.0,37.0,0.0
6.0,37.0,0.0
7.0,37.0,0.0
8.0,37.0,0.0
9.0,37.0,0.0
10.0,37.0,0.0
11.0,37.0,0.0
12.0,37.0,0.0
13.0,37.0,0.0
14.0,37.0,0.0
15.0,37.0,0.0
16.0,37.0,0.0
17.0,37.0,0.0
18.0,37.0,0.0
19.0,37.0,0.0
20.0,37.0,0.0
21.0,37.0,0.0
22.0,37.0,0.0
23.0,37.0,0.0
24.0,37.0,0.0
25.0,37.0,0.0
26.0,37.0,0.0
27.0,37.0,0.0
28.0,37.0,0.0
29.0,37.0,0.0
30.0,37.0,0.0
31.0,37.0,0.0
32.0,37.0,0.0
33.0,37.0,0.0
-12.877,0.0,0.0
-16.35,0.0,0.0
-19.12,0.0,0.0
-21.89,0.0,0.0
-24.66,0.0,0.0
-28.12,0.0,0.0
-30.89,0.0,0.0
-33.66,0.0,0.0
-37.12,0.0,0.0
-39.89,0.0,0.0
-42.66,0.0,0.0
-44.767,0.0,0.0
-44.421,0.0,0.0
-44.074,0.0,0.0
-43.642,0.0,0.0
-43.296,0.0,0.0
-42.949,0.0,0.0
-42.517,0.0,0.0
-42.171,0.0,0.0
-41.824,0.0,0.0
-41.478,0.0,0.0
-41.132,0.0,0.0
-40.699,0.0,0.0
-40.353,0.0,0.0
-40.007,0.0,0.0
-39.574,0.0,0.0
-39.228,0.0,0.0
-38.882,0.0,0.0
-38.536,0.0,0.0
-38.103,0.0,0.0
-37.757,0.0,0.0
-37.41,0.0,0.0
-36.978,0.0,0.0
-36.632,0.0,0.0
-36.286,0.0,0.0
-35.853,0.0,0.0
-35.507,0.0,0.0
-35.16,0.0,0.0
-35.051,0.0,0.0
-35.397,0.0,0.0
-35.744,0.0,0.0
-36.176,0.0,0.0
-36.522,0.0,0.0
-36.869,0.0,0.0
-37.301,0.0,0.0
-37.647,0.0,0.0
-37.994,0.0,0.0
-38.34,0.0,0.0
-38.686,0.0,0.0
-39.119,0.0,0.0
-39.465,0.0,0.0
-39.811,0.0,0.0
-40.158,0.0,0.0
-40.59,0.0,0.0
-40.936,0.0,0.0
-41.283,0.0,0.0
-41.715,0.0,0.0
-42.061,0.0,0.0
-42.408,0.0,0.0
-42.84,0.0,0.0
-43.186,0.0,0.0
-43.533,0.0,0.0
-43.7,0.0,0.0
-43.353,0.0,0.0
-43.007,0.0,0.0
-42.575,0.0,0.0
-42.228,0.0,0.0
-41.882,0.0,0.0
-41.536,0.0,0.0
-41.103,0.0,0.0
-40.757,0.0,0.0
-40.411,0.0,0.0
-40.064,0.0,0.0
-39.632,0.0,0.0
-39.286,0.0,0.0
-38.853,0.0,0.0
-38.507,0.0,0.0
-38.161,0.0,0.0
-37.814,0.0,0.0
-37.468,0.0,0.0
-37.036,0.0,0.0
-36.689,0.0,0.0
-36.343,0.0,0.0
-35.911,0.0,0.0
-35.564,0.0,0.0
-35.218,0.0,0.0
-34.786,0.0,0.0
-34.439,0.0,0.0
-34.093,0.0,0.0
0.0,0.0,-0.128
0.0,0.0,-2.554
0.0,0.0,-5.324
0.0,0.0,-8.783
0.0,0.0,-11.553
0.0,0.0,-14.324
0.0,0.0,-17.783
0.0,0.0,-19.018
0.0,0.0,-18.671
0.0,0.0,-18.239
0.0,0.0,-17.893
0.0,0.0,-17.546
0.0,0.0,-17.2
0.0,0.0,-16.768
0.0,0.0,-16.421
0.0,0.0,-16.075
0.0,0.0,-15.643
0.0,0.0,-15.296
0.0,0.0,-14.95
0.0,0.0,-14.604
0.0,0.0,-14.171
0.0,0.0,-13.825
0.0,0.0,-13.479
0.0,0.0,-13.132
0.0,0.0,-12.786
0.0,0.0,-12.354
0.0,0.0,-12.007
0.0,0.0,-11.575
0.0,0.0,-11.229
0.0,0.0,-10.796
0.0,0.0,-10.45
0.0,0.0,-10.104
0.0,0.0,-9.671
0.0,0.0,-9.325
0.0,0.0,-8.979
0.0,0.0,-8.632
0.0,0.0,-8.2
0.0,0.0,-7.854
0.0,0.0,-7.507
0.0,0.0,-7.075
0.0,0.0,-6.729
0.0,0.0,-6.382
0.0,0.0,-5.95
0.0,0.0,-5.604
0.0,0.0,-5.257
0.0,0.0,-4.825
0.0,0.0,-4.479
0.0,0.0,-4.132
0.0,0.0,-3.786
0.0,0.0,-3.354
0.0,0.0,-3.007
0.0,0.0,-2.575
0.0,0.0,-2.229
0.0,0.0,-1.882
0.0,0.0,-1.45
0.0,0.0,-1.104
0.0,0.0,-0.757
0.0,0.0,-0.325
0.0,0.0,-0.342
0.0,0.0,-0.689
0.0,0.0,-1.121
0.0,0.0,-1.467
0.0,0.0,-1.814
0.0,0.0,-2.16
0.0,0.0,-2.506
0.0,0.0,-2.939
0.0,0.0,-3.285
0.0,0.0,-3.631
0.0,0.0,-3.977
0.0,0.0,-4.41
0.0,0.0,-4.756
0.0,0.0,-5.102
0.0,0.0,-5.535
0.0,0.0,-5.881
0.0,0.0,-6.314
0.0,0.0,-6.66
0.0,0.0,-7.006
0.0,0.0,-7.352
0.0,0.0,-7.785
0.0,0.0,-8.131
0.0,0.0,-8.477
0.0,0.0,-8.91
0.0,0.0,-9.256
0.0,0.0,-9.602
0.0,0.0,-10.035
0.0,0.0,-10.381
0.0,0.0,-10.727
0.0,0.0,-11.16
0.0,0.0,-11.506
0.0,0.0,-11.852
0.0,0.0,-12.199
0.0,0.0,-12.545
0.0,0.0,-12.977
0.0,0.0,-13.324
0.0,0.0,-13.67
0.0,0.0,-14.102
0.0,0.0,-14.449
0.0,0.0,-14.881
0.0,0.0,-15.227
0.0,0.0,-15.574
0.0,0.0,-16.006
0.0,0.0,-16.352
0.0,0.0,-16.699
0.0,0.0,-17.131
0.0,0.0,-17.477
0.0,0.0,-17.824
0.0,0.0,-18.256
0.0,0.0,-18.588
0.0,0.0,-18.248
0.0,0.0,-17.815
0.0,0.0,-17.469
0.0,0.0,-17.123
0.0,0.0,-16.69
0.0,0.0,-16.344
0.0,0.0,-15.998
0.0,0.0,-15.651
0.0,0.0,-15.219
0.0,0.0,-14.873
0.0,0.0,-14.526
0.0,0.0,-14.094
0.0,0.0,-13.748
0.0,0.0,-13.401
0.0,0.0,-13.055
0.0,0.0,-12.623
0.0,0.0,-12.276
0.0,0.0,-11.844
0.0,0.0,-11.498
0.0,0.0,-11.151
0.0,0.0,-10.719
0.0,0.0,-10.373
0.0,0.0,-9.94
0.0,0.0,-9.594
0.0,0.0,-9.248
0.0,0.0,-8.815
0.0,0.0,-8.469
0.0,0.0,-8.036
0.0,0.0,-7.69
0.0,0.0,-7.344
0.0,0.0,-6.911
0.0,0.0,-6.565
0.0,0.0,-6.219
0.0,0.0,-5.873
0.0,0.0,-5.526
0.0,0.0,-5.008
0.0,0.0,-4.661
0.0,0.0,-4.315
0.0,0.0,-3.883
0.0,0.0,-3.536
0.0,0.0,-3.19
0.0,0.0,-2.844
0.0,0.0,-2.411
0.0,0.0,-2.065
0.0,0.0,-1.633
0.0,0.0,-1.286
0.0,0.0,-0.94
0.0,0.0,-0.508
0.0,0.0,-0.161
0.0,0.0,0.185
0.0,-0.522,0.0
0.0,-3.74,0.0
0.0,-7.156,0.0
0.0,-11.423,0.0
0.0,-14.839,0.0
0.0,-18.256,0.0
0.0,-22.523,0.0
0.0,-25.94,0.0
0.0,-30.206,0.0
0.0,-33.623,0.0
0.0,-37.039,0.0
0.0,-40.456,0.0
0.0,-43.873,0.0
0.0,-47.219,0.0
0.0,-46.872,0.0
0.0,-46.44,0.0
0.0,-46.094,0.0
0.0,-45.747,0.0
0.0,-45.315,0.0
0.0,-44.969,0.0
0.0,-44.622,0.0
0.0,-44.19,0.0
0.0,-43.844,0.0
0.0,-43.497,0.0
0.0,-43.151,0.0
0.0,-42.719,0.0
0.0,-42.372,0.0
0.0,-41.94,0.0
0.0,-41.594,0.0
0.0,-41.247,0.0
0.0,-40.815,0.0
0.0,-40.469,0.0
0.0,-40.122,0.0
0.0,-39.69,0.0
0.0,-39.344,0.0
0.0,-38.997,0.0
0.0,-38.565,0.0
0.0,-38.219,0.0
0.0,-37.872,0.0
0.0,-37.44,0.0
0.0,-37.458,0.0
0.0,-37.89,0.0
0.0,-38.236,0.0
0.0,-38.583,0.0
0.0,-39.015,0.0
0.0,-39.361,0.0
0.0,-39.708,0.0
0.0,-40.054,0.0
0.0,-40.486,0.0
0.0,-40.833,0.0
0.0,-41.179,0.0
0.0,-41.611,0.0
0.0,-41.958,0.0
0.0,-42.304,0.0
0.0,-42.65,0.0
0.0,-43.083,0.0
0.0,-43.429,0.0
0.0,-43.775,0.0
0.0,-44.208,0.0
0.0,-44.554,0.0
0.0,-44.9,0.0
0.0,-45.333,0.0
0.0,-45.679,0.0
0.0,-46.025,0.0
0.0,-46.371,0.0
0.0,-46.804,0.0
0.0,-46.695,0.0
0.0,-46.349,0.0
0.0,-46.002,0.0
0.0,-45.57,0.0
0.0,-45.224,0.0
0.0,-44.791,0.0
0.0,-44.445,0.0
0.0,-44.099,0.0
0.0,-43.752,0.0
0.0,-43.32,0.0
0.0,-42.974,0.0
0.0,-42.627,0.0
0.0,-42.281,0.0
0.0,-41.849,0.0
0.0,-41.502,0.0
0.0,-41.156,0.0
0.0,-40.724,0.0
0.0,-40.377,0.0
0.0,-40.031,0.0
0.0,-39.599,0.0
0.0,-39.252,0.0
0.0,-38.906,0.0
0.0,-38.474,0.0
0.0,-38.127,0.0
0.0,-37.781,0.0
0.0,-37.349,0.0
0.0,-37.002,0.0
0.0,0.0,0.0
0.0,15.322,0.0
0.0,18.939,0.0
0.0,22.556,0.0
0.0,26.322,0.0
0.0,30.072,0.0
0.0,33.822,0.0
0.0,37.506,0.0
0.0,40.989,0.0
0.0,44.605,0.0
0.0,48.439,0.0
0.0,52.039,0.0
0.0,55.639,0.0
0.0,59.372,0.0
0.0,63.122,0.0
0.0,66.856,0.0
0.0,70.489,0.0
0.0,74.189,0.0
0.0,77.922,0.0
0.0,81.589,0.0
0.0,85.189,0.0
0.0,88.805,0.0
0.0,92.522,0.0
0.0,96.056,0.0
0.0,99.706,0.0
0.0,103.339,0.0
0.0,106.989,0.0
0.0,110.572,0.0
0.0,114.205,0.0
0.0,117.889,0.0
0.0,121.572,0.0
0.0,125.306,0.0
0.0,128.906,0.0
0.0,132.639,0.0
0.0,136.239,0.0
0.0,139.906,0.0
0.0,143.622,0.0
0.0,147.339,0.0
0.0,151.122,0.0
0.0,154.823,0.0
0.0,158.423,0.0
0.0,162.289,0.0
0.0,165.939,0.0
0.0,169.706,0.0
0.0,173.456,0.0
0.0,177.056,0.0
0.0,180.889,0.0
0.0,184.789,0.0
0.0,188.405,0.0
0.0,192.039,0.0
0.0,195.839,0.0
0.0,199.539,0.0
0.0,203.189,0.0
0.0,206.756,0.0
0.0,210.372,0.0
0.0,214.189,0.0
0.0,217.839,0.0
0.0,221.839,0.0
0.0,225.422,0.0
0.0,229.306,0.0
0.0,233.072,0.0
0.0,236.822,0.0
0.0,240.572,0.0
0.0,244.322,0.0
0.0,248.072,0.0
0.0,251.972,0.0
0.0,255.656,0.0
0.0,259.339,0.0
0.0,263.106,0.0
0.0,266.672,0.0
0.0,270.339,0.0
0.0,274.172,0.0
0.0,277.823,0.0
0.0,281.522,0.0
0.0,285.289,0.0
0.0,289.022,0.0
0.0,292.805,0.0
0.0,296.422,0.0
0.0,300.289,0.0
0.0,304.022,0.0
0.0,307.772,0.0
0.0,311.389,0.0
0.0,315.089,0.0
0.0,318.922,0.0
0.0,322.756,0.0
0.0,326.422,0.0
0.0,330.205,0.0
0.0,333.872,0.0
0.0,337.622,0.0
0.0,341.472,0.0
0.0,345.089,0.0
0.0,348.656,0.0
0.0,352.256,0.0
0.0,356.139,0.0
0.0,359.989,0.0
0.0,363.672,0.0
0.0,367.322,0.0
0.0,371.097,0.0
0.0,372.0,0.0
0.0,356.555,0.0
0.0,352.772,0.0
0.0,349.005,0.0
0.0,345.422,0.0
0.0,341.822,0.0
0.0,338.355,0.0
0.0,334.638,0.0
0.0,331.121,0.0
0.0,327.605,0.0
0.0,324.005,0.0
0.0,320.455,0.0
0.0,316.805,0.0
0.0,313.221,0.0
0.0,309.471,0.0
0.0,305.838,0.0
0.0,302.155,0.0
0.0,298.321,0.0
0.0,294.622,0.0
0.0,290.871,0.0
0.0,287.238,0.0
0.0,283.605,0.0
0.0,280.022,0.0
0.0,276.238,0.0
0.0,272.538,0.0
0.0,269.088,0.0
0.0,265.388,0.0
0.0,261.772,0.0
0.0,258.022,0.0
0.0,254.121,0.0
0.0,250.422,0.0
0.0,246.688,0.0
0.0,242.938,0.0
0.0,239.138,0.0
0.0,235.321,0.0
0.0,231.538,0.0
0.0,227.788,0.0
0.0,224.038,0.0
0.0,220.455,0.0
0.0,216.721,0.0
0.0,213.022,0.0
0.0,209.305,0.0
0.0,205.688,0.0
0.0,201.955,0.0
0.0,198.321,0.0
0.0,194.655,0.0
0.0,190.888,0.0
0.0,187.238,0.0
0.0,183.372,0.0
0.0,179.622,0.0
0.0,175.788,0.0
0.0,172.205,0.0
0.0,168.355,0.0
0.0,164.755,0.0
0.0,161.121,0.0
0.0,157.438,0.0
0.0,153.671,0.0
0.0,149.905,0.0
0.0,146.155,0.0
0.0,142.488,0.0
0.0,138.905,0.0
0.0,135.338,0.0
0.0,131.572,0.0
0.0,127.876,0.0
0.0,127.0,0.0
1.0,127.0,0.0
2.0,127.0,0.0
3.0,127.0,0.0
4.0,127.0,0.0
5.0,127.0,0.0
6.0,127.0,0.0
7.0,127.0,0.0
8.0,127.0,0.0
9.0,127.0,0.0
10.0,127.0,0.0
11.0,127.0,0.0
12.0,127.0,0.0
13.0,127.0,0.0
14.0,127.0,0.0
15.0,127.0,0.0
16.0,127.0,0.0
17.0,127.0,0.0
18.0,127.0,0.0
19.0,127.0,0.0
20.0,127.0,0.0
21.0,127.0,0.0
22.0,127.0,0.0
23.0,127.0,0.0
24.0,127.0,0.0
25.0,127.0,0.0
26.0,127.0,0.0
27.0,127.0,0.0
28.0,127.0,0.0
29.0,127.0,0.0
30.0,127.0,0.0
31.0,127.0,0.0
32.0,127.0,0.0
33.0,127.0,0.0
34.0,127.0,0.0
35.0,127.0,0.0
36.0,127.0,0.0
37.0,127.0,0.0
38.0,127.0,0.0
39.0,127.0,0.0
40.0,127.0,0.0
41.0,127.0,0.0
42.0,127.0,0.0
43.0,127.0,0.0
44.0,127.0,0.0
45.0,127.0,0.0
46.0,127.0,0.0
47.0,127.0,0.0
48.0,127.0,0.0
49.0,127.0,0.0
50.0,127.0,0.0
51.0,127.0,0.0
52.0,127.0,0.0
53.0,127.0,0.0
54.0,127.0,0.0
55.0,127.0,0.0
56.0,127.0,0.0
57.0,127.0,0.0
58.0,127.0,0.0
59.0,127.0,0.0
60.0,127.0,0.0
61.0,127.0,0.0
62.0,127.0,0.0
63.0,127.0,0.0
64.0,127.0,0.0
65.0,127.0,0.0
66.0,127.0,0.0
67.0,127.0,0.0
68.0,127.0,0.0
69.0,127.0,0.0
70.0,127.0,0.0
71.0,127.0,0.0
72.0,127.0,0.0
73.0,127.0,0.0
74.0,127.0,0.0
75.0,127.0,0.0
76.0,127.0,0.0
77.0,127.0,0.0
78.0,127.0,0.0
79.0,127.0,0.0
80.0,127.0,0.0
81.0,127.0,0.0
82.0,127.0,0.0
83.0,127.0,0.0
84.0,127.0,0.0
85.0,127.0,0.0
86.0,127.0,0.0
87.0,127.0,0.0
88.0,127.0,0.0
89.0,127.0,0.0
90.0,127.0,0.0
91.0,127.0,0.0
92.0,127.0,0.0
93.0,127.0,0.0
94.0,127.0,0.0
95.0,127.0,0.0
96.0,127.0,0.0
97.0,127.0,0.0
98.0,127.0,0.0
99.0,127.0,0.0
100.0,127.0,0.0
101.0,127.0,0.0
102.0,127.0,0.0
103.0,127.0,0.0
104.0,127.0,0.0
105.0,127.0,0.0
106.0,127.0,0.0
107.0,127.0,0.0
108.0,127.0,0.0
109.0,127.0,0.0
110.0,127.0,0.0
111.0,127.0,0.0
112.0,127.0,0.0
113.0,127.0,0.0
114.0,127.0,0.0
115.0,127.0,0.0
116.0,127.0,0.0
117.0,127.0,0.0
118.0,127.0,0.0
119.0,127.0,0.0
120.0,127.0,0.0
121.0,127.0,0.0
122.0,127.0,0.0
123.0,127.0,0.0
124.0,127.0,0.0
125.0,127.0,0.0
126.0,127.0,0.0
127.0,127.0,0.0
128.0,127.0,0.0
129.0,127.0,0.0
130.0,127.0,0.0
131.0,127.0,0.0
132.0,127.0,0.0
133.0,127.0,0.0
134.0,127.0,0.0
135.0,127.0,0.0
136.0,127.0,0.0
137.0,127.0,0.0
138.0,127.0,0.0
139.0,127.0,0.0
140.0,127.0,0.0
141.0,127.0,0.0
142.0,127.0,0.0
143.0,127.0,0.0
144.0,127.0,0.0
145.0,127.0,0.0
146.0,127.0,0.0
147.0,127.0,0.0
148.0,127.0,0.0
149.0,127.0,0.0
150.0,127.0,0.0
151.0,127.0,0.0
152.0,127.0,0.0
153.0,127.0,0.0
154.0,127.0,0.0
155.0,127.0,0.0
156.0,127.0,0.0
157.0,127.0,0.0
158.0,127.0,0.0
159.0,127.0,0.0
160.0,127.0,0.0
161.0,127.0,0.0
162.0,127.0,0.0
163.0,127.0,0.0
164.0,127.0,0.0
165.0,127.0,0.0
166.0,127.0,0.0
167.0,127.0,0.0
168.0,127.0,0.0
169.0,127.0,0.0
170.0,127.0,0.0
171.0,127.0,0.0
172.0,127.0,0.0
173.0,127.0,0.0
174.0,127.0,0.0
175.0,127.0,0.0
176.0,127.0,0.0
177.0,127.0,0.0
178.0,127.0,0.0
179.0,127.0,0.0
180.0,127.0,0.0
181.0,127.0,0.0
182.0,127.0,0.0
183.0,127.0,0.0
184.0,127.0,0.0
185.0,127.0,0.0
186.0,127.0,0.0
187.0,127.0,0.0
188.0,127.0,0.0
175.068,118.264,0.0
171.929,116.144,0.0
168.901,114.098,0.0
165.721,111.95,0.0
162.568,109.82,0.0
159.401,107.68,0.0
156.235,105.542,0.0
153.179,103.477,0.0
149.984,101.319,0.0
146.957,99.274,0.0
143.929,97.229,0.0
140.915,95.193,0.0
137.873,93.138,0.0
134.901,91.13,0.0
131.859,89.075,0.0
128.651,86.908,0.0
125.54,84.806,0.0
122.568,82.799,0.0
119.595,80.79,0.0
116.484,78.689,0.0
113.29,76.531,0.0
110.165,74.42,0.0
107.054,72.318,0.0
103.929,70.207,0.0
100.818,68.106,0.0
97.79,66.06,0.0
94.637,63.93,0.0
91.623,61.894,0.0
88.526,59.802,0.0
85.499,57.757,0.0
82.401,55.665,0.0
79.373,53.619,0.0
76.346,51.574,0.0
73.346,49.548,0.0
70.29,47.483,0.0
67.276,45.447,0.0
64.137,43.327,0.0
60.984,41.197,0.0
57.693,38.973,0.0
54.818,37.031,0.0
51.637,34.882,0.0
48.61,32.838,0.0
45.61,30.811,0.0
42.457,28.681,0.0
39.373,26.598,0.0
36.221,24.468,0.0
33.026,22.31,0.0
29.943,20.227,0.0
26.984,18.229,0.0
23.915,16.155,0.0
20.623,13.931,0.0
17.623,11.905,0.0
14.595,9.859,0.0
11.471,7.749,0.0
8.471,5.722,0.0
5.359,3.62,0.0
2.346,1.585,0.0
0.019,0.013,0.0
0.0,0.0,0.0
-11.082,0.0,0.0
-10.648,0.0,0.0
-10.301,0.0,0.0
-9.955,0.0,0.0
-9.609,0.0,0.0
-9.176,0.0,0.0
-8.83,0.0,0.0
-8.484,0.0,0.0
-7.965,0.0,0.0
-7.619,0.0,0.0
-7.273,0.0,0.0
-6.84,0.0,0.0
-6.494,0.0,0.0
-6.148,0.0,0.0
-5.715,0.0,0.0
-5.369,0.0,0.0
-5.023,0.0,0.0
-4.676,0.0,0.0
-4.33,0.0,0.0
-3.984,0.0,0.0
-3.551,0.0,0.0
-3.205,0.0,0.0
-2.773,0.0,0.0
-2.426,0.0,0.0
-1.994,0.0,0.0
-1.648,0.0,0.0
-1.301,0.0,0.0
-1.552,0.0,0.0
-1.898,0.0,0.0
-2.331,0.0,0.0
-2.677,0.0,0.0
-3.023,0.0,0.0
-3.456,0.0,0.0
-3.802,0.0,0.0
-4.148,0.0,0.0
-4.581,0.0,0.0
-4.927,0.0,0.0
-5.273,0.0,0.0
-5.62,0.0,0.0
-6.052,0.0,0.0
-6.398,0.0,0.0
-6.745,0.0,0.0
-7.091,0.0,0.0
-7.523,0.0,0.0
-7.87,0.0,0.0
-8.216,0.0,0.0
-8.648,0.0,0.0
-8.995,0.0,0.0
-9.513,0.0,0.0
-9.86,0.0,0.0
-9.744,0.0,0.0
-9.398,0.0,0.0
-9.052,0.0,0.0
-8.62,0.0,0.0
-8.273,0.0,0.0
-7.927,0.0,0.0
-7.494,0.0,0.0
-7.148,0.0,0.0
-6.716,0.0,0.0
-6.37,0.0,0.0
-6.023,0.0,0.0
-5.591,0.0,0.0
-5.244,0.0,0.0
-4.898,0.0,0.0
-4.552,0.0,0.0
-4.206,0.0,0.0
-3.773,0.0,0.0
-3.427,0.0,0.0
-2.994,0.0,0.0
-2.648,0.0,0.0
-2.302,0.0,0.0
-1.87,0.0,0.0
-1.523,0.0,0.0
-1.177,0.0,0.0
-0.831,0.0,0.0
-0.398,0.0,0.0
-0.052,0.0,0.0
0.0,0.0,-1.162
0.0,0.0,-3.932
0.0,0.0,-7.392
0.0,0.0,-10.162
0.0,0.0,-12.933
0.0,0.0,-15.703
0.0,0.0,-19.162
0.0,0.0,-19.104
0.0,0.0,-18.758
0.0,0.0,-18.325
0.0,0.0,-17.979
0.0,0.0,-17.633
0.0,0.0,-17.286
0.0,0.0,-16.94
0.0,0.0,-16.508
0.0,0.0,-16.161
0.0,0.0,-15.815
0.0,0.0,-15.469
0.0,0.0,-15.036
0.0,0.0,-14.69
0.0,0.0,-14.344
0.0,0.0,-13.911
0.0,0.0,-13.565
0.0,0.0,-13.133
0.0,0.0,-12.786
0.0,0.0,-12.44
0.0,0.0,-12.008
0.0,0.0,-11.661
0.0,0.0,-11.315
0.0,0.0,-10.969
0.0,0.0,-10.536
0.0,0.0,-10.19
0.0,0.0,-9.844
0.0,0.0,-9.411
0.0,0.0,-9.065
0.0,0.0,-8.719
0.0,0.0,-8.373
0.0,0.0,-8.026
0.0,0.0,-7.594
0.0,0.0,-7.248
0.0,0.0,-6.901
0.0,0.0,-6.469
0.0,0.0,-6.123
0.0,0.0,-5.776
0.0,0.0,-5.344
0.0,0.0,-4.998
0.0,0.0,-4.651
0.0,0.0,-4.219
0.0,0.0,-3.873
0.0,0.0,-3.44
0.0,0.0,-3.094
0.0,0.0,-2.748
0.0,0.0,-2.401
0.0,0.0,-1.969
0.0,0.0,-1.623
0.0,0.0,-1.276
0.0,0.0,-0.844
0.0,0.0,-0.498
0.0,0.0,-0.63
0.0,0.0,-1.062
0.0,0.0,-1.409
0.0,0.0,-1.841
0.0,0.0,-2.187
0.0,0.0,-2.534
0.0,0.0,-2.88
0.0,0.0,-3.312
0.0,0.0,-3.659
0.0,0.0,-4.005
0.0,0.0,-4.437
0.0,0.0,-4.784
0.0,0.0,-5.13
0.0,0.0,-5.476
0.0,0.0,-5.909
0.0,0.0,-6.255
0.0,0.0,-6.601
0.0,0.0,-6.947
0.0,0.0,-7.38
0.0,0.0,-7.726
0.0,0.0,-8.072
0.0,0.0,-8.505
0.0,0.0,-8.851
0.0,0.0,-9.197
0.0,0.0,-9.63
0.0,0.0,-9.976
0.0,0.0,-10.322
0.0,0.0,-10.755
0.0,0.0,-11.101
0.0,0.0,-11.534
0.0,0.0,-11.88
0.0,0.0,-12.226
0.0,0.0,-12.659
0.0,0.0,-13.005
0.0,0.0,-13.351
0.0,0.0,-13.784
0.0,0.0,-14.13
0.0,0.0,-14.476
0.0,0.0,-14.909
0.0,0.0,-15.255
0.0,0.0,-15.601
0.0,0.0,-15.947
0.0,0.0,-16.38
0.0,0.0,-16.726
0.0,0.0,-17.072
0.0,0.0,-17.505
0.0,0.0,-17.851
0.0,0.0,-18.197
0.0,0.0,-18.63
0.0,0.0,-18.976
0.0,0.0,-18.742
0.0,0.0,-18.396
0.0,0.0,-17.964
0.0,0.0,-17.617
0.0,0.0,-17.271
0.0,0.0,-16.839
0.0,0.0,-16.492
0.0,0.0,-16.146
0.0,0.0,-15.714
0.0,0.0,-15.367
0.0,0.0,-14.935
0.0,0.0,-14.589
0.0,0.0,-14.242
0.0,0.0,-13.81
0.0,0.0,-13.464
0.0,0.0,-13.117
0.0,0.0,-12.771
0.0,0.0,-12.339
0.0,0.0,-11.992
0.0,0.0,-11.646
0.0,0.0,-11.214
0.0,0.0,-10.867
0.0,0.0,-10.521
0.0,0.0,-10.175
0.0,0.0,-9.742
0.0,0.0,-9.396
0.0,0.0,-8.964
0.0,0.0,-8.617
0.0,0.0,-8.271
0.0,0.0,-7.925
0.0,0.0,-7.492
0.0,0.0,-7.146
0.0,0.0,-6.714
0.0,0.0,-6.367
0.0,0.0,-6.021
0.0,0.0,-5.675
0.0,0.0,-5.242
0.0,0.0,-4.896
0.0,0.0,-4.55
0.0,0.0,-4.117
0.0,0.0,-3.771
0.0,0.0,-3.425
0.0,0.0,-3.079
0.0,0.0,-2.732
0.0,0.0,-2.3
0.0,0.0,-1.954
0.0,0.0,-1.607
0.0,0.0,-1.261
0.0,0.0,-0.829
0.0,0.0,-0.396
0.0,0.0,-0.05
0.0,-1.184,0.0
0.0,-5.444,0.0
0.0,-8.861,0.0
0.0,-10.089,0.0
0.0,-9.657,0.0
0.0,-9.31,0.0
0.0,-8.964,0.0
0.0,-8.532,0.0
0.0,-8.185,0.0
0.0,-7.839,0.0
0.0,-7.407,0.0
0.0,-7.06,0.0
0.0,-6.714,0.0
0.0,-6.282,0.0
0.0,-5.935,0.0
0.0,-5.503,0.0
0.0,-5.157,0.0
0.0,-4.81,0.0
0.0,-4.464,0.0
0.0,-4.032,0.0
0.0,-3.685,0.0
0.0,-3.339,0.0
0.0,-2.907,0.0
0.0,-2.56,0.0
0.0,-2.214,0.0
0.0,-1.868,0.0
0.0,-1.435,0.0
0.0,-1.089,0.0
0.0,-0.743,0.0
0.0,-0.31,0.0
0.0,-0.561,0.0
0.0,-0.907,0.0
0.0,-1.254,0.0
0.0,-1.686,0.0
0.0,-2.119,0.0
0.0,-2.465,0.0
0.0,-2.811,0.0
0.0,-3.244,0.0
0.0,-3.59,0.0
0.0,-3.936,0.0
0.0,-4.282,0.0
0.0,-4.715,0.0
0.0,-5.061,0.0
0.0,-5.407,0.0
0.0,-5.754,0.0
0.0,-6.186,0.0
0.0,-6.532,0.0
0.0,-6.879,0.0
0.0,-7.311,0.0
0.0,-7.657,0.0
0.0,-8.004,0.0
0.0,-8.35,0.0
0.0,-8.782,0.0
0.0,-9.129,0.0
0.0,-9.475,0.0
0.0,-9.907,0.0
0.0,-9.603,0.0
0.0,-9.257,0.0
0.0,-8.91,0.0
0.0,-8.564,0.0
0.0,-8.132,0.0
0.0,-7.785,0.0
0.0,-7.439,0.0
0.0,-7.007,0.0
0.0,-6.66,0.0
0.0,-6.314,0.0
0.0,-5.968,0.0
0.0,-5.535,0.0
0.0,-5.189,0.0
0.0,-4.843,0.0
0.0,-4.41,0.0
0.0,-4.064,0.0
0.0,-3.718,0.0
0.0,-3.285,0.0
0.0,-2.939,0.0
0.0,-2.593,0.0
0.0,-2.16,0.0
0.0,-1.814,0.0
0.0,-1.382,0.0
0.0,-1.035,0.0
0.0,-0.689,0.0
0.0,-0.257,0.0
0.0,0.078,0.0
0.0,0.0,0.0
0.0,15.423,0.0
0.0,19.073,0.0
0.0,22.49,0.0
0.0,26.256,0.0
0.0,29.907,0.0
0.0,33.79,0.0
0.0,37.507,0.0
0.0,41.273,0.0
0.0,44.907,0.0
0.0,48.606,0.0
0.0,52.256,0.0
0.0,55.99,0.0
0.0,59.707,0.0
0.0,63.29,0.0
0.0,67.573,0.0
0.0,71.223,0.0
0.0,74.89,0.0
0.0,78.456,0.0
0.0,82.19,0.0
0.0,85.74,0.0
0.0,89.406,0.0
0.0,93.19,0.0
0.0,96.823,0.0
0.0,100.49,0.0
0.0,104.307,0.0
0.0,107.873,0.0
0.0,111.573,0.0
0.0,115.29,0.0
0.0,119.056,0.0
0.0,122.623,0.0
0.0,126.507,0.0
0.0,130.09,0.0
0.0,133.806,0.0
0.0,137.64,0.0
0.0,141.256,0.0
0.0,144.973,0.0
0.0,148.74,0.0
0.0,152.373,0.0
0.0,156.073,0.0
0.0,159.64,0.0
0.0,163.423,0.0
0.0,167.056,0.0
0.0,170.69,0.0
0.0,174.256,0.0
0.0,177.823,0.0
0.0,181.456,0.0
0.0,185.223,0.0
0.0,188.823,0.0
0.0,192.473,0.0
0.0,196.273,0.0
0.0,199.956,0.0
0.0,203.656,0.0
0.0,207.44,0.0
0.0,211.156,0.0
0.0,214.89,0.0
0.0,218.49,0.0
0.0,222.29,0.0
0.0,225.773,0.0
0.0,229.64,0.0
0.0,233.173,0.0
0.0,236.74,0.0
0.0,240.473,0.0
0.0,244.09,0.0
0.0,247.723,0.0
0.0,251.39,0.0
0.0,254.956,0.0
0.0,258.656,0.0
0.0,262.273,0.0
0.0,265.656,0.0
0.0,269.323,0.0
0.0,273.173,0.0
0.0,276.756,0.0
0.0,280.356,0.0
0.0,284.107,0.0
0.0,287.69,0.0
0.0,291.44,0.0
0.0,294.94,0.0
0.0,298.373,0.0
0.0,302.14,0.0
0.0,305.84,0.0
0.0,309.473,0.0
0.0,313.123,0.0
0.0,316.74,0.0
0.0,320.39,0.0
0.0,324.023,0.0
0.0,327.656,0.0
0.0,331.256,0.0
0.0,335.04,0.0
0.0,338.707,0.0
0.0,342.406,0.0
0.0,345.99,0.0
0.0,349.773,0.0
0.0,353.406,0.0
0.0,356.99,0.0
0.0,360.64,0.0
0.0,364.223,0.0
0.0,368.056,0.0
0.0,371.567,0.0
0.0,372.0,0.0
0.0,356.773,0.0
0.0,353.106,0.0
0.0,349.423,0.0
0.0,345.773,0.0
0.0,341.94,0.0
0.0,338.423,0.0
0.0,334.74,0.0
0.0,330.956,0.0
0.0,327.356,0.0
0.0,323.956,0.0
0.0,320.323,0.0
0.0,316.706,0.0
0.0,312.89,0.0
0.0,309.156,0.0
0.0,305.373,0.0
0.0,301.706,0.0
0.0,298.056,0.0
0.0,294.273,0.0
0.0,290.623,0.0
0.0,287.04,0.0
0.0,283.273,0.0
0.0,279.573,0.0
0.0,275.973,0.0
0.0,272.223,0.0
0.0,268.456,0.0
0.0,264.773,0.0
0.0,260.989,0.0
0.0,257.207,0.0
0.0,253.473,0.0
0.0,249.756,0.0
0.0,246.256,0.0
0.0,242.623,0.0
0.0,238.89,0.0
0.0,235.123,0.0
0.0,231.523,0.0
0.0,227.94,0.0
0.0,224.223,0.0
0.0,220.44,0.0
0.0,216.706,0.0
0.0,212.956,0.0
0.0,209.189,0.0
0.0,205.423,0.0
0.0,201.706,0.0
0.0,197.923,0.0
0.0,194.223,0.0
0.0,190.523,0.0
0.0,186.84,0.0
0.0,183.106,0.0
0.0,179.473,0.0
0.0,175.706,0.0
0.0,172.04,0.0
0.0,168.423,0.0
0.0,164.673,0.0
0.0,160.89,0.0
0.0,157.373,0.0
0.0,153.706,0.0
0.0,149.956,0.0
0.0,146.207,0.0
0.0,142.54,0.0
0.0,138.923,0.0
0.0,135.123,0.0
0.0,131.523,0.0
0.0,127.986,0.0
0.0,127.0,0.0
1.0,127.0,0.0
2.0,127.0,0.0
3.0,127.0,0.0
4.0,127.0,0.0
5.0,127.0,0.0
6.0,127.0,0.0
7.0,127.0,0.0
8.0,127.0,0.0
9.0,127.0,0.0
10.0,127.0,0.0
11.0,127.0,0.0
12.0,127.0,0.0
13.0,127.0,0.0
14.0,127.0,0.0
15.0,127.0,0.0
16.0,127.0,0.0
17.0,127.0,0.0
18.0,127.0,0.0
19.0,127.0,0.0
20.0,127.0,0.0
21.0,127.0,0.0
22.0,127.0,0.0
23.0,127.0,0.0
24.0,127.0,0.0
25.0,127.0,0.0
26.0,127.0,0.0
27.0,127.0,0.0
28.0,127.0,0.0
29.0,127.0,0.0
30.0,127.0,0.0
31.0,127.0,0.0
32.0,127.0,0.0
33.0,127.0,0.0
34.0,127.0,0.0
35.0,127.0,0.0
36.0,127.0,0.0
37.0,127.0,0.0
38.0,127.0,0.0
39.0,127.0,0.0
40.0,127.0,0.0
41.0,127.0,0.0
42.0,127.0,0.0
43.0,127.0,0.0
44.0,127.0,0.0
32.121,127.0,0.0
28.662,127.0,0.0
25.892,127.0,0.0
23.121,127.0,0.0
20.351,127.0,0.0
16.892,127.0,0.0
14.121,127.0,0.0
11.351,127.0,0.0
8.581,127.0,0.0
5.121,127.0,0.0
2.351,127.0,0.0
-0.419,127.0,0.0
-3.879,127.0,0.0
-6.649,127.0,0.0
-9.419,127.0,0.0
-10.917,127.0,0.0
-10.571,127.0,0.0
-10.225,127.0,0.0
-9.878,127.0,0.0
-9.446,127.0,0.0
-9.1,127.0,0.0
-8.753,127.0,0.0
-8.321,127.0,0.0
-7.975,127.0,0.0
-7.628,127.0,0.0
-7.282,127.0,0.0
-6.85,127.0,0.0
-6.503,127.0,0.0
-6.071,127.0,0.0
-5.725,127.0,0.0
-5.378,127.0,0.0
-5.032,127.0,0.0
-4.6,127.0,0.0
-4.253,127.0,0.0
-3.821,127.0,0.0
-3.475,127.0,0.0
-3.128,127.0,0.0
-2.782,127.0,0.0
-2.35,127.0,0.0
-2.003,127.0,0.0
-1.657,127.0,0.0
-1.311,127.0,0.0
-1.337,127.0,0.0
-1.683,127.0,0.0
-2.116,127.0,0.0
-2.462,127.0,0.0
-2.808,127.0,0.0
-3.24,127.0,0.0
-3.587,127.0,0.0
-3.933,127.0,0.0
-4.279,127.0,0.0
-4.712,127.0,0.0
-5.058,127.0,0.0
-5.404,127.0,0.0
-5.837,127.0,0.0
-6.183,127.0,0.0
-6.529,127.0,0.0
-6.962,127.0,0.0
-7.308,127.0,0.0
-7.654,127.0,0.0
-8.087,127.0,0.0
-8.433,127.0,0.0
-8.779,127.0,0.0
-9.212,127.0,0.0
-9.558,127.0,0.0
-9.904,127.0,0.0
-9.69,127.0,0.0
-9.343,127.0,0.0
-8.997,127.0,0.0
-8.565,127.0,0.0
-8.218,127.0,0.0
-7.872,127.0,0.0
-7.526,127.0,0.0
-7.093,127.0,0.0
-6.747,127.0,0.0
-6.401,127.0,0.0
-5.968,127.0,0.0
-5.622,127.0,0.0
-5.276,127.0,0.0
-4.93,127.0,0.0
-4.497,127.0,0.0
-4.151,127.0,0.0
-3.805,127.0,0.0
-3.458,127.0,0.0
-3.026,127.0,0.0
-2.68,127.0,0.0
-2.333,127.0,0.0
-1.901,127.0,0.0
-1.555,127.0,0.0
-1.122,127.0,0.0
-0.776,127.0,0.0
-0.43,127.0,0.0
-0.007,127.0,0.0
0.0,127.0,-1.851
0.0,127.0,-5.311
0.0,127.0,-8.081
0.0,127.0,-10.851
0.0,127.0,-14.31
0.0,127.0,-17.081
0.0,127.0,-19.303
0.0,127.0,-18.871
0.0,127.0,-18.525
0.0,127.0,-18.178
0.0,127.0,-17.746
0.0,127.0,-17.4
0.0,127.0,-17.053
0.0,127.0,-16.707
0.0,127.0,-16.275
0.0,127.0,-15.928
0.0,127.0,-15.496
0.0,127.0,-15.15
0.0,127.0,-14.803
0.0,127.0,-14.371
0.0,127.0,-14.025
0.0,127.0,-13.678
0.0,127.0,-13.332
0.0,127.0,-12.986
0.0,127.0,-12.553
0.0,127.0,-12.207
0.0,127.0,-11.775
0.0,127.0,-11.428
0.0,127.0,-11.082
0.0,127.0,-10.736
0.0,127.0,-10.389
0.0,127.0,-9.957
0.0,127.0,-9.611
0.0,127.0,-9.264
0.0,127.0,-8.832
0.0,127.0,-8.486
0.0,127.0,-8.053
0.0,127.0,-7.707
0.0,127.0,-7.361
0.0,127.0,-6.928
0.0,127.0,-6.582
0.0,127.0,-6.236
0.0,127.0,-5.803
0.0,127.0,-5.457
0.0,127.0,-5.025
0.0,127.0,-4.678
0.0,127.0,-4.332
0.0,127.0,-3.986
0.0,127.0,-3.553
0.0,127.0,-3.207
0.0,127.0,-2.861
0.0,127.0,-2.428
0.0,127.0,-2.082
0.0,127.0,-1.65
0.0,127.0,-1.217
0.0,127.0,-0.871
0.0,127.0,-0.438
0.0,127.0,-0.581
0.0,127.0,-0.927
0.0,127.0,-1.36
0.0,127.0,-1.706
0.0,127.0,-2.052
0.0,127.0,-2.485
0.0,127.0,-2.831
0.0,127.0,-3.263
0.0,127.0,-3.61
0.0,127.0,-3.956
0.0,127.0,-4.302
0.0,127.0,-4.735
0.0,127.0,-5.081
0.0,127.0,-5.427
0.0,127.0,-5.86
0.0,127.0,-6.206
0.0,127.0,-6.638
0.0,127.0,-6.985
0.0,127.0,-7.331
0.0,127.0,-7.677
0.0,127.0,-8.11
0.0,127.0,-8.456
0.0,127.0,-8.802
0.0,127.0,-9.149
0.0,127.0,-9.581
0.0,127.0,-9.927
0.0,127.0,-10.274
0.0,127.0,-10.706
0.0,127.0,-11.052
0.0,127.0,-11.399
0.0,127.0,-11.831
0.0,127.0,-12.177
0.0,127.0,-12.61
0.0,127.0,-12.956
0.0,127.0,-13.302
0.0,127.0,-13.649
0.0,127.0,-14.081
0.0,127.0,-14.427
0.0,127.0,-14.86
0.0,127.0,-15.206
0.0,127.0,-15.552
0.0,127.0,-15.899
0.0,127.0,-16.331
0.0,127.0,-16.677
0.0,127.0,-17.11
0.0,127.0,-17.456
0.0,127.0,-17.888
0.0,127.0,-18.235
0.0,127.0,-18.581
0.0,127.0,-18.97
0.0,127.0,-18.625
0.0,127.0,-18.278
0.0,127.0,-17.932
0.0,127.0,-17.5
0.0,127.0,-17.153
0.0,127.0,-16.721
0.0,127.0,-16.375
0.0,127.0,-16.028
0.0,127.0,-15.596
0.0,127.0,-15.25
0.0,127.0,-14.903
0.0,127.0,-14.471
0.0,127.0,-14.125
0.0,127.0,-13.692
0.0,127.0,-13.346
0.0,127.0,-13.0
0.0,127.0,-12.567
0.0,127.0,-12.221
0.0,127.0,-11.875
0.0,127.0,-11.442
0.0,127.0,-11.096
0.0,127.0,-10.664
0.0,127.0,-10.317
0.0,127.0,-9.971
0.0,127.0,-9.538
0.0,127.0,-9.192
0.0,127.0,-8.76
0.0,127.0,-8.414
0.0,127.0,-8.067
0.0,127.0,-7.721
0.0,127.0,-7.288
0.0,127.0,-6.942
0.0,127.0,-6.596
0.0,127.0,-6.164
0.0,127.0,-5.817
0.0,127.0,-5.471
0.0,127.0,-5.038
0.0,127.0,-4.692
0.0,127.0,-4.26
0.0,127.0,-3.914
0.0,127.0,-3.567
0.0,127.0,-3.135
0.0,127.0,-2.788
0.0,127.0,-2.442
0.0,127.0,-2.01
0.0,127.0,-1.664
0.0,127.0,-1.317
0.0,127.0,-0.885
0.0,127.0,-0.538
0.0,127.0,-0.192
0.0,126.474,0.0
0.0,123.255,0.0
0.0,118.989,0.0
0.0,115.572,0.0
0.0,112.155,0.0
0.0,107.888,0.0
0.0,104.472,0.0
0.0,101.055,0.0
0.0,96.789,0.0
0.0,93.372,0.0
0.0,89.955,0.0
0.0,85.688,0.0
0.0,82.272,0.0
0.0,78.855,0.0
0.0,74.589,0.0
0.0,71.172,0.0
0.0,67.755,0.0
0.0,63.488,0.0
0.0,60.072,0.0
0.0,56.655,0.0
0.0,52.389,0.0
0.0,48.972,0.0
0.0,45.555,0.0
0.0,42.139,0.0
0.0,37.872,0.0
0.0,34.455,0.0
0.0,31.038,0.0
0.0,26.772,0.0
0.0,23.355,0.0
0.0,19.939,0.0
0.0,15.672,0.0
0.0,12.255,0.0
0.0,8.838,0.0
0.0,5.422,0.0
0.0,2.005,0.0
0.0,-2.261,0.0
0.0,-5.678,0.0
0.0,-9.095,0.0
0.0,-10.09,0.0
0.0,-9.744,0.0
0.0,-9.398,0.0
0.0,-8.965,0.0
0.0,-8.619,0.0
0.0,-8.273,0.0
0.0,-7.84,0.0
0.0,-7.494,0.0
0.0,-7.148,0.0
0.0,-6.802,0.0
0.0,-6.369,0.0
0.0,-6.023,0.0
0.0,-5.677,0.0
0.0,-5.244,0.0
0.0,-4.898,0.0
0.0,-4.552,0.0
0.0,-4.205,0.0
0.0,-3.773,0.0
0.0,-3.427,0.0
0.0,-3.08,0.0
0.0,-2.734,0.0
0.0,-2.302,0.0
0.0,-1.955,0.0
0.0,-1.609,0.0
0.0,-1.177,0.0
0.0,-0.83,0.0
0.0,-0.484,0.0
0.0,-0.676,0.0
0.0,-1.022,0.0
0.0,-1.368,0.0
0.0,-1.801,0.0
0.0,-2.147,0.0
0.0,-2.579,0.0
0.0,-2.926,0.0
0.0,-3.272,0.0
0.0,-3.704,0.0
0.0,-4.051,0.0
0.0,-4.397,0.0
0.0,-4.829,0.0
0.0,-5.176,0.0
0.0,-5.608,0.0
0.0,-5.954,0.0
0.0,-6.387,0.0
0.0,-6.733,0.0
0.0,-7.079,0.0
0.0,-7.512,0.0
0.0,-7.858,0.0
0.0,-8.204,0.0
0.0,-8.637,0.0
0.0,-8.983,0.0
0.0,-9.329,0.0
0.0,-9.676,0.0
0.0,-9.913,0.0
0.0,-9.567,0.0
0.0,-9.134,0.0
0.0,-8.788,0.0
0.0,-8.442,0.0
0.0,-8.096,0.0
0.0,-7.663,0.0
0.0,-7.317,0.0
0.0,-6.97,0.0
0.0,-6.538,0.0
0.0,-6.192,0.0
0.0,-5.846,0.0
0.0,-5.499,0.0
0.0,-5.067,0.0
0.0,-4.72,0.0
0.0,-4.374,0.0
0.0,-3.942,0.0
0.0,-3.596,0.0
0.0,-3.249,0.0
0.0,-2.903,0.0
0.0,-2.47,0.0
0.0,-2.124,0.0
0.0,-1.778,0.0
0.0,-1.346,0.0
0.0,-0.999,0.0
0.0,-0.653,0.0
0.0,-0.307,0.0
0.0,0.0,0.0
0.0,0.0,0.0
0.0,15.323,0.0
0.0,33.939,0.0
0.0,37.706,0.0
0.0,41.523,0.0
0.0,45.273,0.0
0.0,48.756,0.0
0.0,52.506,0.0
0.0,56.073,0.0
0.0,59.889,0.0
0.0,63.706,0.0
0.0,67.373,0.0
0.0,70.973,0.0
0.0,74.856,0.0
0.0,78.506,0.0
0.0,82.106,0.0
0.0,85.789,0.0
0.0,89.389,0.0
0.0,92.906,0.0
0.0,96.539,0.0
0.0,100.173,0.0
0.0,103.989,0.0
0.0,107.64,0.0
0.0,111.356,0.0
0.0,114.973,0.0
0.0,118.573,0.0
0.0,122.373,0.0
0.0,125.923,0.0
0.0,129.64,0.0
0.0,133.306,0.0
0.0,137.123,0.0
0.0,140.856,0.0
0.0,144.506,0.0
0.0,148.256,0.0
0.0,151.973,0.0
0.0,155.456,0.0
0.0,159.123,0.0
0.0,162.706,0.0
0.0,166.489,0.0
0.0,170.356,0.0
0.0,174.089,0.0
0.0,177.756,0.0
0.0,181.323,0.0
0.0,185.073,0.0
0.0,188.573,0.0
0.0,192.306,0.0
0.0,195.939,0.0
0.0,199.673,0.0
0.0,203.456,0.0
0.0,207.123,0.0
0.0,211.206,0.0
0.0,214.923,0.0
0.0,218.539,0.0
0.0,222.206,0.0
0.0,225.973,0.0
0.0,229.556,0.0
0.0,233.223,0.0
0.0,236.823,0.0
0.0,240.356,0.0
0.0,244.04,0.0
0.0,247.806,0.0
0.0,251.206,0.0
0.0,254.889,0.0
0.0,258.539,0.0
0.0,262.389,0.0
0.0,265.989,0.0
0.0,269.64,0.0
0.0,273.44,0.0
0.0,277.123,0.0
0.0,280.673,0.0
0.0,284.356,0.0
0.0,287.889,0.0
0.0,291.589,0.0
0.0,295.373,0.0
0.0,299.289,0.0
0.0,303.04,0.0
0.0,306.739,0.0
0.0,310.339,0.0
0.0,313.989,0.0
0.0,317.656,0.0
0.0,321.273,0.0
0.0,325.089,0.0
0.0,328.84,0.0
0.0,332.606,0.0
0.0,336.44,0.0
0.0,340.073,0.0
0.0,343.756,0.0
0.0,347.506,0.0
0.0,351.273,0.0
0.0,354.973,0.0
0.0,358.673,0.0
0.0,362.289,0.0
0.0,365.923,0.0
0.0,369.573,0.0
0.0,371.998,0.0
0.0,369.68,0.0
0.0,365.829,0.0
0.0,362.146,0.0
0.0,358.413,0.0
0.0,354.946,0.0
0.0,351.396,0.0
0.0,347.629,0.0
0.0,343.88,0.0
0.0,340.163,0.0
0.0,336.646,0.0
0.0,333.029,0.0
0.0,329.296,0.0
0.0,325.613,0.0
0.0,321.846,0.0
0.0,318.263,0.0
0.0,314.462,0.0
0.0,310.796,0.0
0.0,307.196,0.0
0.0,303.396,0.0
0.0,299.779,0.0
0.0,295.946,0.0
0.0,292.413,0.0
0.0,288.629,0.0
0.0,284.763,0.0
0.0,281.029,0.0
0.0,277.28,0.0
0.0,273.579,0.0
0.0,269.946,0.0
0.0,266.429,0.0
0.0,262.796,0.0
0.0,258.979,0.0
0.0,255.33,0.0
0.0,251.613,0.0
0.0,248.046,0.0
0.0,244.413,0.0
0.0,240.763,0.0
0.0,236.929,0.0
0.0,233.28,0.0
0.0,229.763,0.0
0.0,226.096,0.0
0.0,222.313,0.0
0.0,218.563,0.0
0.0,214.929,0.0
0.0,211.33,0.0
0.0,207.596,0.0
0.0,203.946,0.0
0.0,200.229,0.0
0.0,196.463,0.0
0.0,192.729,0.0
0.0,188.963,0.0
0.0,185.262,0.0
0.0,181.48,0.0
0.0,177.779,0.0
0.0,173.996,0.0
0.0,170.396,0.0
0.0,166.629,0.0
0.0,162.862,0.0
0.0,159.246,0.0
0.0,155.513,0.0
0.0,151.729,0.0
0.0,148.163,0.0
0.0,144.546,0.0
0.0,140.913,0.0
0.0,137.296,0.0
0.0,133.579,0.0
0.0,129.779,0.0
0.0,127.036,0.0
0.0,127.0,0.0
15.259,127.0,0.0
19.017,127.0,0.0
20.0,127.0,0.0
35.345,127.0,0.0
39.062,127.0,0.0
40.0,127.0,0.0
55.294,127.0,0.0
59.061,127.0,0.0
60.0,127.0,0.0
75.427,127.0,0.0
79.047,127.0,0.0
80.0,127.0,0.0
95.447,127.0,0.0
99.144,127.0,0.0
100.0,127.0,0.0
115.361,127.0,0.0
119.075,127.0,0.0
120.0,127.0,0.0
135.345,127.0,0.0
139.076,127.0,0.0
140.0,127.0,0.0
155.495,127.0,0.0
159.102,127.0,0.0
160.0,127.0,0.0
175.394,127.0,0.0
179.116,127.0,0.0
180.0,127.0,0.0
195.26,127.0,0.0
198.855,127.0,0.0
200.0,127.0,0.0
-12.877,0.0,0.0
-15.66,0.0,0.0
-19.119,0.0,0.0
-21.889,0.0,0.0
-24.66,0.0,0.0
-28.12,0.0,0.0
-30.89,0.0,0.0
-34.349,0.0,0.0
-37.119,0.0,0.0
-39.889,0.0,0.0
-43.349,0.0,0.0
-46.12,0.0,0.0
-48.89,0.0,0.0
-52.349,0.0,0.0
-55.119,0.0,0.0
-57.889,0.0,0.0
-61.349,0.0,0.0
-64.12,0.0,0.0
-66.89,0.0,0.0
-69.66,0.0,0.0
-73.119,0.0,0.0
-75.889,0.0,0.0
-78.66,0.0,0.0
-82.12,0.0,0.0
-84.89,0.0,0.0
-87.66,0.0,0.0
-90.43,0.0,0.0
-93.889,0.0,0.0
-96.66,0.0,0.0
-99.43,0.0,0.0
-102.89,0.0,0.0
-105.66,0.0,0.0
-108.43,0.0,0.0
-111.889,0.0,0.0
-114.66,0.0,0.0
-117.43,0.0,0.0
-120.2,0.0,0.0
-123.66,0.0,0.0
-126.43,0.0,0.0
-129.2,0.0,0.0
-131.971,0.0,0.0
-135.43,0.0,0.0
-138.2,0.0,0.0
-140.971,0.0,0.0
-144.43,0.0,0.0
-147.201,0.0,0.0
-150.66,0.0,0.0
-153.43,0.0,0.0
-156.2,0.0,0.0
-158.971,0.0,0.0
-162.43,0.0,0.0
-165.201,0.0,0.0
-167.971,0.0,0.0
-170.741,0.0,0.0
-174.2,0.0,0.0
-176.971,0.0,0.0
-180.43,0.0,0.0
-183.201,0.0,0.0
-185.971,0.0,0.0
-188.741,0.0,0.0
-192.2,0.0,0.0
-194.971,0.0,0.0
-197.741,0.0,0.0
-201.201,0.0,0.0
-203.971,0.0,0.0
-206.741,0.0,0.0
-210.2,0.0,0.0
-210.888,0.0,0.0
-210.455,0.0,0.0
-210.109,0.0,0.0
-209.763,0.0,0.0
-209.33,0.0,0.0
-208.984,0.0,0.0
-208.638,0.0,0.0
-208.205,0.0,0.0
-207.859,0.0,0.0
-207.513,0.0,0.0
-207.08,0.0,0.0
-206.734,0.0,0.0
-206.388,0.0,0.0
-206.042,0.0,0.0
-205.609,0.0,0.0
-205.263,0.0,0.0
-204.916,0.0,0.0
-204.484,0.0,0.0
-204.138,0.0,0.0
-203.792,0.0,0.0
-203.445,0.0,0.0
-203.013,0.0,0.0
-202.666,0.0,0.0
-202.32,0.0,0.0
-201.888,0.0,0.0
-201.542,0.0,0.0
-201.195,0.0,0.0
-201.42,0.0,0.0
-201.767,0.0,0.0
-202.113,0.0,0.0
-202.459,0.0,0.0
-202.892,0.0,0.0
-203.238,0.0,0.0
-203.584,0.0,0.0
-203.931,0.0,0.0
-204.277,0.0,0.0
-204.709,0.0,0.0
-205.056,0.0,0.0
-205.488,0.0,0.0
-205.834,0.0,0.0
-206.181,0.0,0.0
-206.613,0.0,0.0
-206.959,0.0,0.0
-207.392,0.0,0.0
-207.738,0.0,0.0
-208.084,0.0,0.0
-208.517,0.0,0.0
-208.863,0.0,0.0
-209.209,0.0,0.0
-209.556,0.0,0.0
-209.857,0.0,0.0
-209.511,0.0,0.0
-209.164,0.0,0.0
-208.732,0.0,0.0
-208.386,0.0,0.0
-208.039,0.0,0.0
-207.607,0.0,0.0
-207.261,0.0,0.0
-206.914,0.0,0.0
-206.568,0.0,0.0
-206.136,0.0,0.0
-205.789,0.0,0.0
-205.443,0.0,0.0
-205.011,0.0,0.0
-204.664,0.0,0.0
-204.318,0.0,0.0
-203.972,0.0,0.0
-203.539,0.0,0.0
-203.193,0.0,0.0
-202.847,0.0,0.0
-202.501,0.0,0.0
-202.068,0.0,0.0
-201.722,0.0,0.0
-201.376,0.0,0.0
-200.943,0.0,0.0
-200.597,0.0,0.0
-200.164,0.0,0.0
0.0,0.0,-0.128
0.0,0.0,-2.554
0.0,0.0,-5.324
0.0,0.0,-8.784
0.0,0.0,-11.554
0.0,0.0,-14.324
0.0,0.0,-17.095
0.0,0.0,-19.246
0.0,0.0,-18.9
0.0,0.0,-18.553
0.0,0.0,-18.121
0.0,0.0,-17.775
0.0,0.0,-17.428
0.0,0.0,-17.082
0.0,0.0,-16.65
0.0,0.0,-16.303
0.0,0.0,-15.871
0.0,0.0,-15.525
0.0,0.0,-15.178
0.0,0.0,-14.746
0.0,0.0,-14.4
0.0,0.0,-14.053
0.0,0.0,-13.707
0.0,0.0,-13.275
0.0,0.0,-12.928
0.0,0.0,-12.582
0.0,0.0,-12.15
0.0,0.0,-11.803
0.0,0.0,-11.457
0.0,0.0,-11.025
0.0,0.0,-10.678
0.0,0.0,-10.332
0.0,0.0,-9.9
0.0,0.0,-9.553
0.0,0.0,-9.207
0.0,0.0,-8.775
0.0,0.0,-8.428
0.0,0.0,-8.082
0.0,0.0,-7.736
0.0,0.0,-7.303
0.0,0.0,-6.957
0.0,0.0,-6.611
0.0,0.0,-6.264
0.0,0.0,-5.918
0.0,0.0,-5.486
0.0,0.0,-5.139
0.0,0.0,-4.793
0.0,0.0,-4.447
0.0,0.0,-4.101
0.0,0.0,-3.668
0.0,0.0,-3.322
0.0,0.0,-2.976
0.0,0.0,-2.629
0.0,0.0,-2.197
0.0,0.0,-1.851
0.0,0.0,-1.504
0.0,0.0,-1.158
0.0,0.0,-0.726
0.0,0.0,-0.383
0.0,0.0,-0.694
0.0,0.0,-1.04
0.0,0.0,-1.387
0.0,0.0,-1.733
0.0,0.0,-2.165
0.0,0.0,-2.512
0.0,0.0,-2.858
0.0,0.0,-3.204
0.0,0.0,-3.637
0.0,0.0,-3.983
0.0,0.0,-4.329
0.0,0.0,-4.675
0.0,0.0,-5.108
0.0,0.0,-5.454
0.0,0.0,-5.8
0.0,0.0,-6.233
0.0,0.0,-6.579
0.0,0.0,-6.925
0.0,0.0,-7.272
0.0,0.0,-7.704
0.0,0.0,-8.05
0.0,0.0,-8.397
0.0,0.0,-8.829
0.0,0.0,-9.175
0.0,0.0,-9.522
0.0,0.0,-9.868
0.0,0.0,-10.3
0.0,0.0,-10.647
0.0,0.0,-10.993
0.0,0.0,-11.425
0.0,0.0,-11.772
0.0,0.0,-12.118
0.0,0.0,-12.55
0.0,0.0,-12.897
0.0,0.0,-13.243
0.0,0.0,-13.589
0.0,0.0,-14.022
0.0,0.0,-14.368
0.0,0.0,-14.714
0.0,0.0,-15.147
0.0,0.0,-15.493
0.0,0.0,-15.839
0.0,0.0,-16.186
0.0,0.0,-16.618
0.0,0.0,-16.964
0.0,0.0,-17.311
0.0,0.0,-17.657
0.0,0.0,-18.003
0.0,0.0,-18.436
0.0,0.0,-18.782
0.0,0.0,-18.883
0.0,0.0,-18.45
0.0,0.0,-18.104
0.0,0.0,-17.758
0.0,0.0,-17.325
0.0,0.0,-16.979
0.0,0.0,-16.633
0.0,0.0,-16.286
0.0,0.0,-15.854
0.0,0.0,-15.508
0.0,0.0,-15.161
0.0,0.0,-14.815
0.0,0.0,-14.383
0.0,0.0,-14.036
0.0,0.0,-13.69
0.0,0.0,-13.344
0.0,0.0,-12.911
0.0,0.0,-12.565
0.0,0.0,-12.219
0.0,0.0,-11.786
0.0,0.0,-11.44
0.0,0.0,-11.094
0.0,0.0,-10.748
0.0,0.0,-10.315
0.0,0.0,-9.969
0.0,0.0,-9.623
0.0,0.0,-9.276
0.0,0.0,-8.844
0.0,0.0,-8.498
0.0,0.0,-8.151
0.0,0.0,-7.805
0.0,0.0,-7.373
0.0,0.0,-7.026
0.0,0.0,-6.68
0.0,0.0,-6.334
0.0,0.0,-5.901
0.0,0.0,-5.555
0.0,0.0,-5.123
0.0,0.0,-4.776
0.0,0.0,-4.43
0.0,0.0,-4.084
0.0,0.0,-3.651
0.0,0.0,-3.305
0.0,0.0,-2.959
0.0,0.0,-2.612
0.0,0.0,-2.18
0.0,0.0,-1.834
0.0,0.0,-1.487
0.0,0.0,-1.141
0.0,0.0,-0.709
0.0,0.0,-0.362
0.0,0.0,-0.016
0.0,-2.027,0.0
0.0,-6.294,0.0
0.0,-9.711,0.0
0.0,-13.127,0.0
0.0,-17.394,0.0
0.0,-20.81,0.0
0.0,-24.227,0.0
0.0,-28.494,0.0
0.0,-31.911,0.0
0.0,-35.327,0.0
0.0,-39.594,0.0
0.0,-43.01,0.0
0.0,-46.427,0.0
0.0,-50.694,0.0
0.0,-54.111,0.0
0.0,-57.527,0.0
0.0,-61.794,0.0
0.0,-65.21,0.0
0.0,-68.627,0.0
0.0,-72.894,0.0
0.0,-76.311,0.0
0.0,-79.727,0.0
0.0,-83.144,0.0
0.0,-87.41,0.0
0.0,-90.827,0.0
0.0,-95.094,0.0
0.0,-98.511,0.0
0.0,-101.927,0.0
0.0,-106.194,0.0
0.0,-109.61,0.0
0.0,-113.027,0.0
0.0,-117.294,0.0
0.0,-120.711,0.0
0.0,-124.127,0.0
0.0,-127.544,0.0
0.0,-131.81,0.0
0.0,-135.227,0.0
0.0,-137.153,0.0
0.0,-136.807,0.0
0.0,-136.375,0.0
0.0,-136.028,0.0
0.0,-135.682,0.0
0.0,-135.25,0.0
0.0,-134.903,0.0
0.0,-134.471,0.0
0.0,-134.125,0.0
0.0,-133.778,0.0
0.0,-133.432,0.0
0.0,-133.0,0.0
0.0,-132.653,0.0
0.0,-132.307,0.0
0.0,-131.875,0.0
0.0,-131.528,0.0
0.0,-131.182,0.0
0.0,-130.75,0.0
0.0,-130.403,0.0
0.0,-130.057,0.0
0.0,-129.711,0.0
0.0,-129.278,0.0
0.0,-128.932,0.0
0.0,-128.586,0.0
0.0,-128.153,0.0
0.0,-127.807,0.0
0.0,-127.461,0.0
0.0,-127.411,0.0
0.0,-127.843,0.0
0.0,-128.19,0.0
0.0,-128.536,0.0
0.0,-128.968,0.0
0.0,-129.315,0.0
0.0,-129.661,0.0
0.0,-130.093,0.0
0.0,-130.44,0.0
0.0,-130.786,0.0
0.0,-131.218,0.0
0.0,-131.565,0.0
0.0,-131.911,0.0
0.0,-132.343,0.0
0.0,-132.69,0.0
0.0,-133.036,0.0
0.0,-133.382,0.0
0.0,-133.815,0.0
0.0,-134.161,0.0
0.0,-134.507,0.0
0.0,-134.94,0.0
0.0,-135.286,0.0
0.0,-135.632,0.0
0.0,-136.065,0.0
0.0,-136.411,0.0
0.0,-136.757,0.0
0.0,-136.706,0.0
0.0,-136.273,0.0
0.0,-135.927,0.0
0.0,-135.581,0.0
0.0,-135.148,0.0
0.0,-134.802,0.0
0.0,-134.456,0.0
0.0,-134.023,0.0
0.0,-133.677,0.0
0.0,-133.331,0.0
0.0,-132.898,0.0
0.0,-132.552,0.0
0.0,-132.206,0.0
0.0,-131.859,0.0
0.0,-131.427,0.0
0.0,-131.081,0.0
0.0,-130.734,0.0
0.0,-130.302,0.0
0.0,-129.956,0.0
0.0,-129.609,0.0
0.0,-129.177,0.0
0.0,-128.831,0.0
0.0,-128.484,0.0
0.0,-128.138,0.0
0.0,-127.706,0.0
0.0,-127.359,0.0
0.0,-127.013,0.0
0.0,0.0,0.0
0.0,0.0,0.0
0.0,15.205,0.0
0.0,33.873,0.0
0.0,37.772,0.0
0.0,41.372,0.0
0.0,44.956,0.0
0.0,48.556,0.0
0.0,52.289,0.0
0.0,55.889,0.0
0.0,59.656,0.0
0.0,63.273,0.0
0.0,66.889,0.0
0.0,70.622,0.0
0.0,74.356,0.0
0.0,78.006,0.0
0.0,81.756,0.0
0.0,85.339,0.0
0.0,89.089,0.0
0.0,92.856,0.0
0.0,96.605,0.0
0.0,100.206,0.0
0.0,103.956,0.0
0.0,107.672,0.0
0.0,111.406,0.0
0.0,114.989,0.0
0.0,118.672,0.0
0.0,122.289,0.0
0.0,125.889,0.0
0.0,129.506,0.0
0.0,133.273,0.0
0.0,136.906,0.0
0.0,140.489,0.0
0.0,144.089,0.0
0.0,147.722,0.0
0.0,151.472,0.0
0.0,155.272,0.0
0.0,158.889,0.0
0.0,162.539,0.0
0.0,166.022,0.0
0.0,169.589,0.0
0.0,173.189,0.0
0.0,177.206,0.0
0.0,180.722,0.0
0.0,184.706,0.0
0.0,188.572,0.0
0.0,192.439,0.0
0.0,196.139,0.0
0.0,199.889,0.0
0.0,203.506,0.0
0.0,207.239,0.0
0.0,210.972,0.0
0.0,214.672,0.0
0.0,218.522,0.0
0.0,221.956,0.0
0.0,225.472,0.0
0.0,229.322,0.0
0.0,233.106,0.0
0.0,236.672,0.0
0.0,240.289,0.0
0.0,244.072,0.0
0.0,247.656,0.0
0.0,251.405,0.0
0.0,255.139,0.0
0.0,258.706,0.0
0.0,262.439,0.0
0.0,266.172,0.0
0.0,269.839,0.0
0.0,273.539,0.0
0.0,277.189,0.0
0.0,280.956,0.0
0.0,284.689,0.0
0.0,288.472,0.0
0.0,292.089,0.0
0.0,295.689,0.0
0.0,299.306,0.0
0.0,302.772,0.0
0.0,306.406,0.0
0.0,310.089,0.0
0.0,313.856,0.0
0.0,317.472,0.0
0.0,321.089,0.0
0.0,324.706,0.0
0.0,328.439,0.0
0.0,332.189,0.0
0.0,335.822,0.0
0.0,339.306,0.0
0.0,342.772,0.0
0.0,346.539,0.0
0.0,350.122,0.0
0.0,353.756,0.0
0.0,357.439,0.0
0.0,361.239,0.0
0.0,364.872,0.0
0.0,368.489,0.0
0.0,371.763,0.0
0.0,370.729,0.0
0.0,367.013,0.0
0.0,363.596,0.0
0.0,359.813,0.0
0.0,356.03,0.0
0.0,352.43,0.0
0.0,348.763,0.0
0.0,344.98,0.0
0.0,341.213,0.0
0.0,337.58,0.0
0.0,333.796,0.0
0.0,330.047,0.0
0.0,326.28,0.0
0.0,322.697,0.0
0.0,318.996,0.0
0.0,315.363,0.0
0.0,311.746,0.0
0.0,308.03,0.0
0.0,304.38,0.0
0.0,300.763,0.0
0.0,297.163,0.0
0.0,293.53,0.0
0.0,289.68,0.0
0.0,286.08,0.0
0.0,282.346,0.0
0.0,278.513,0.0
0.0,274.946,0.0
0.0,271.313,0.0
0.0,267.613,0.0
0.0,263.863,0.0
0.0,260.213,0.0
0.0,256.546,0.0
0.0,252.946,0.0
0.0,249.28,0.0
0.0,245.48,0.0
0.0,241.647,0.0
0.0,238.013,0.0
0.0,234.413,0.0
0.0,230.78,0.0
0.0,227.063,0.0
0.0,223.297,0.0
0.0,219.263,0.0
0.0,215.913,0.0
0.0,212.13,0.0
0.0,208.546,0.0
0.0,204.847,0.0
0.0,201.063,0.0
0.0,197.346,0.0
0.0,193.58,0.0
0.0,189.863,0.0
0.0,186.346,0.0
0.0,182.663,0.0
0.0,179.013,0.0
0.0,175.413,0.0
0.0,171.796,0.0
0.0,168.313,0.0
0.0,164.713,0.0
0.0,161.03,0.0
0.0,157.363,0.0
0.0,153.58,0.0
0.0,149.513,0.0
0.0,145.796,0.0
0.0,142.113,0.0
0.0,138.497,0.0
0.0,134.863,0.0
0.0,131.23,0.0
0.0,127.636,0.0
0.0,127.0,0.0
15.376,127.0,0.0
19.031,127.0,0.0
20.0,127.0,0.0
35.359,127.0,0.0
38.931,127.0,0.0
40.0,127.0,0.0
55.359,127.0,0.0
59.1,127.0,0.0
60.0,127.0,0.0
75.278,127.0,0.0
79.033,127.0,0.0
80.0,127.0,0.0
95.159,127.0,0.0
98.693,127.0,0.0
100.0,127.0,0.0
115.477,127.0,0.0
118.975,127.0,0.0
120.0,127.0,0.0
135.142,127.0,0.0
138.642,127.0,0.0
140.0,127.0,0.0
155.429,127.0,0.0
158.919,127.0,0.0
160.0,127.0,0.0
175.38,127.0,0.0
178.904,127.0,0.0
180.0,127.0,0.0
195.426,127.0,0.0
198.932,127.0,0.0
200.0,127.0,0.0
200.0,127.0,0.0
-12.877,0.0,0.0
-15.66,0.0,0.0
-19.119,0.0,0.0
-21.889,0.0,0.0
-24.66,0.0,0.0
-28.12,0.0,0.0
-30.89,0.0,0.0
-33.66,0.0,0.0
-36.43,0.0,0.0
-39.889,0.0,0.0
-42.66,0.0,0.0
-45.43,0.0,0.0
-48.2,0.0,0.0
-50.971,0.0,0.0
-54.43,0.0,0.0
-57.201,0.0,0.0
-59.971,0.0,0.0
-62.741,0.0,0.0
-66.2,0.0,0.0
-68.971,0.0,0.0
-71.741,0.0,0.0
-74.511,0.0,0.0
-77.971,0.0,0.0
-80.741,0.0,0.0
-83.511,0.0,0.0
-86.282,0.0,0.0
-89.052,0.0,0.0
-92.511,0.0,0.0
-95.281,0.0,0.0
-98.052,0.0,0.0
-100.822,0.0,0.0
-104.282,0.0,0.0
-107.052,0.0,0.0
-109.822,0.0,0.0
-112.593,0.0,0.0
-115.363,0.0,0.0
-118.822,0.0,0.0
-121.592,0.0,0.0
-124.363,0.0,0.0
-127.822,0.0,0.0
-130.593,0.0,0.0
-133.363,0.0,0.0
-136.133,0.0,0.0
-139.592,0.0,0.0
-142.363,0.0,0.0
-145.133,0.0,0.0
-148.593,0.0,0.0
-151.363,0.0,0.0
-154.133,0.0,0.0
-156.903,0.0,0.0
-160.363,0.0,0.0
-163.133,0.0,0.0
-165.903,0.0,0.0
-168.673,0.0,0.0
-171.444,0.0,0.0
-174.903,0.0,0.0
-177.674,0.0,0.0
-180.444,0.0,0.0
-183.214,0.0,0.0
-186.673,0.0,0.0
-189.444,0.0,0.0
-192.214,0.0,0.0
-194.984,0.0,0.0
-197.755,0.0,0.0
-201.214,0.0,0.0
-203.984,0.0,0.0
-206.754,0.0,0.0
-209.525,0.0,0.0
-210.977,0.0,0.0
-210.631,0.0,0.0
-210.285,0.0,0.0
-209.938,0.0,0.0
-209.592,0.0,0.0
-209.246,0.0,0.0
-208.813,0.0,0.0
-208.467,0.0,0.0
-208.121,0.0,0.0
-207.775,0.0,0.0
-207.342,0.0,0.0
-206.996,0.0,0.0
-206.65,0.0,0.0
-206.303,0.0,0.0
-205.957,0.0,0.0
-205.525,0.0,0.0
-205.178,0.0,0.0
-204.832,0.0,0.0
-204.486,0.0,0.0
-204.053,0.0,0.0
-203.707,0.0,0.0
-203.361,0.0,0.0
-203.014,0.0,0.0
-202.582,0.0,0.0
-202.236,0.0,0.0
-201.889,0.0,0.0
-201.543,0.0,0.0
-201.198,0.0,0.0
-201.581,0.0,0.0
-201.927,0.0,0.0
-202.273,0.0,0.0
-202.706,0.0,0.0
-203.052,0.0,0.0
-203.398,0.0,0.0
-203.745,0.0,0.0
-204.177,0.0,0.0
-204.523,0.0,0.0
-204.87,0.0,0.0
-205.216,0.0,0.0
-205.562,0.0,0.0
-205.995,0.0,0.0
-206.341,0.0,0.0
-206.687,0.0,0.0
-207.034,0.0,0.0
-207.466,0.0,0.0
-207.812,0.0,0.0
-208.159,0.0,0.0
-208.505,0.0,0.0
-208.937,0.0,0.0
-209.284,0.0,0.0
-209.63,0.0,0.0
-209.976,0.0,0.0
-209.726,0.0,0.0
-209.294,0.0,0.0
-208.947,0.0,0.0
-208.601,0.0,0.0
-208.255,0.0,0.0
-207.822,0.0,0.0
-207.476,0.0,0.0
-207.13,0.0,0.0
-206.783,0.0,0.0
-206.437,0.0,0.0
-206.005,0.0,0.0
-205.658,0.0,0.0
-205.312,0.0,0.0
-204.966,0.0,0.0
-204.533,0.0,0.0
-204.187,0.0,0.0
-203.841,0.0,0.0
-203.495,0.0,0.0
-203.062,0.0,0.0
-202.716,0.0,0.0
-202.37,0.0,0.0
-202.023,0.0,0.0
-201.677,0.0,0.0
-201.245,0.0,0.0
-200.898,0.0,0.0
-200.552,0.0,0.0
-200.206,0.0,0.0
0.0,0.0,-0.523
0.0,0.0,-3.242
0.0,0.0,-6.702
0.0,0.0,-9.472
0.0,0.0,-12.243
0.0,0.0,-15.013
0.0,0.0,-18.472
0.0,0.0,-19.205
0.0,0.0,-18.859
0.0,0.0,-18.512
0.0,0.0,-18.08
0.0,0.0,-17.734
0.0,0.0,-17.387
0.0,0.0,-16.955
0.0,0.0,-16.609
0.0,0.0,-16.262
0.0,0.0,-15.83
0.0,0.0,-15.484
0.0,0.0,-15.137
0.0,0.0,-14.791
0.0,0.0,-14.359
0.0,0.0,-14.012
0.0,0.0,-13.666
0.0,0.0,-13.32
0.0,0.0,-12.887
0.0,0.0,-12.541
0.0,0.0,-12.195
0.0,0.0,-11.848
0.0,0.0,-11.416
0.0,0.0,-11.07
0.0,0.0,-10.723
0.0,0.0,-10.377
0.0,0.0,-10.031
0.0,0.0,-9.598
0.0,0.0,-9.252
0.0,0.0,-8.906
0.0,0.0,-8.473
0.0,0.0,-8.127
0.0,0.0,-7.781
0.0,0.0,-7.435
0.0,0.0,-7.002
0.0,0.0,-6.656
0.0,0.0,-6.31
0.0,0.0,-5.963
0.0,0.0,-5.531
0.0,0.0,-5.185
0.0,0.0,-4.838
0.0,0.0,-4.492
0.0,0.0,-4.146
0.0,0.0,-3.799
0.0,0.0,-3.367
0.0,0.0,-3.021
0.0,0.0,-2.674
0.0,0.0,-2.328
0.0,0.0,-1.982
0.0,0.0,-1.549
0.0,0.0,-1.203
0.0,0.0,-0.857
0.0,0.0,-0.511
0.0,0.0,-0.729
0.0,0.0,-1.075
0.0,0.0,-1.421
0.0,0.0,-1.768
0.0,0.0,-2.2
0.0,0.0,-2.546
0.0,0.0,-2.893
0.0,0.0,-3.239
0.0,0.0,-3.585
0.0,0.0,-3.932
0.0,0.0,-4.364
0.0,0.0,-4.71
0.0,0.0,-5.057
0.0,0.0,-5.403
0.0,0.0,-5.835
0.0,0.0,-6.182
0.0,0.0,-6.528
0.0,0.0,-6.874
0.0,0.0,-7.307
0.0,0.0,-7.653
0.0,0.0,-7.999
0.0,0.0,-8.345
0.0,0.0,-8.778
0.0,0.0,-9.124
0.0,0.0,-9.47
0.0,0.0,-9.817
0.0,0.0,-10.249
0.0,0.0,-10.595
0.0,0.0,-10.942
0.0,0.0,-11.288
0.0,0.0,-11.634
0.0,0.0,-12.067
0.0,0.0,-12.413
0.0,0.0,-12.759
0.0,0.0,-13.106
0.0,0.0,-13.538
0.0,0.0,-13.884
0.0,0.0,-14.231
0.0,0.0,-14.663
0.0,0.0,-15.009
0.0,0.0,-15.356
0.0,0.0,-15.702
0.0,0.0,-16.048
0.0,0.0,-16.481
0.0,0.0,-16.827
0.0,0.0,-17.173
0.0,0.0,-17.519
0.0,0.0,-17.952
0.0,0.0,-18.298
0.0,0.0,-18.644
0.0,0.0,-18.991
0.0,0.0,-18.6
0.0,0.0,-18.253
0.0,0.0,-17.907
0.0,0.0,-17.561
0.0,0.0,-17.215
0.0,0.0,-16.782
0.0,0.0,-16.436
0.0,0.0,-16.09
0.0,0.0,-15.743
0.0,0.0,-15.311
0.0,0.0,-14.965
0.0,0.0,-14.618
0.0,0.0,-14.186
0.0,0.0,-13.84
0.0,0.0,-13.493
0.0,0.0,-13.147
0.0,0.0,-12.801
0.0,0.0,-12.368
0.0,0.0,-12.022
0.0,0.0,-11.676
0.0,0.0,-11.329
0.0,0.0,-10.897
0.0,0.0,-10.551
0.0,0.0,-10.205
0.0,0.0,-9.772
0.0,0.0,-9.426
0.0,0.0,-9.079
0.0,0.0,-8.647
0.0,0.0,-8.301
0.0,0.0,-7.955
0.0,0.0,-7.522
0.0,0.0,-7.176
0.0,0.0,-6.829
0.0,0.0,-6.483
0.0,0.0,-6.137
0.0,0.0,-5.791
0.0,0.0,-5.358
0.0,0.0,-5.012
0.0,0.0,-4.666
0.0,0.0,-4.319
0.0,0.0,-3.887
0.0,0.0,-3.541
0.0,0.0,-3.194
0.0,0.0,-2.762
0.0,0.0,-2.416
0.0,0.0,-2.069
0.0,0.0,-1.637
0.0,0.0,-1.291
0.0,0.0,-0.944
0.0,0.0,-0.598
0.0,0.0,-0.166
0.0,-0.525,0.0
0.0,-3.745,0.0
0.0,-7.161,0.0
0.0,-10.578,0.0
0.0,-14.844,0.0
0.0,-18.261,0.0
0.0,-21.678,0.0
0.0,-25.945,0.0
0.0,-29.361,0.0
0.0,-32.778,0.0
0.0,-36.194,0.0
0.0,-40.461,0.0
0.0,-43.878,0.0
0.0,-47.295,0.0
0.0,-51.561,0.0
0.0,-54.978,0.0
0.0,-58.394,0.0
0.0,-61.811,0.0
0.0,-65.228,0.0
0.0,-69.495,0.0
0.0,-72.911,0.0
0.0,-76.328,0.0
0.0,-79.745,0.0
0.0,-84.011,0.0
0.0,-87.428,0.0
0.0,-90.844,0.0
0.0,-94.261,0.0
0.0,-98.528,0.0
0.0,-101.945,0.0
0.0,-105.361,0.0
0.0,-109.628,0.0
0.0,-113.044,0.0
0.0,-116.461,0.0
0.0,-119.878,0.0
0.0,-123.295,0.0
0.0,-127.561,0.0
0.0,-130.978,0.0
0.0,-134.394,0.0
0.0,-137.22,0.0
0.0,-136.788,0.0
0.0,-136.441,0.0
0.0,-136.095,0.0
0.0,-135.663,0.0
0.0,-135.316,0.0
0.0,-134.97,0.0
0.0,-134.624,0.0
0.0,-134.191,0.0
0.0,-133.845,0.0
0.0,-133.499,0.0
0.0,-133.152,0.0
0.0,-132.72,0.0
0.0,-132.374,0.0
0.0,-132.027,0.0
0.0,-131.595,0.0
0.0,-131.249,0.0
0.0,-130.902,0.0
0.0,-130.556,0.0
0.0,-130.124,0.0
0.0,-129.777,0.0
0.0,-129.431,0.0
0.0,-129.085,0.0
0.0,-128.652,0.0
0.0,-128.306,0.0
0.0,-127.96,0.0
0.0,-127.527,0.0
0.0,-127.312,0.0
0.0,-127.658,0.0
0.0,-128.005,0.0
0.0,-128.351,0.0
0.0,-128.783,0.0
0.0,-129.13,0.0
0.0,-129.476,0.0
0.0,-129.822,0.0
0.0,-130.255,0.0
0.0,-130.601,0.0
0.0,-130.947,0.0
0.0,-131.293,0.0
0.0,-131.64,0.0
0.0,-132.072,0.0
0.0,-132.418,0.0
0.0,-132.765,0.0
0.0,-133.197,0.0
0.0,-133.543,0.0
0.0,-133.89,0.0
0.0,-134.236,0.0
0.0,-134.668,0.0
0.0,-135.015,0.0
0.0,-135.361,0.0
0.0,-135.707,0.0
0.0,-136.14,0.0
0.0,-136.486,0.0
0.0,-136.832,0.0
0.0,-136.642,0.0
0.0,-136.296,0.0
0.0,-135.864,0.0
0.0,-135.517,0.0
0.0,-135.171,0.0
0.0,-134.825,0.0
0.0,-134.392,0.0
0.0,-134.046,0.0
0.0,-133.7,0.0
0.0,-133.354,0.0
0.0,-132.921,0.0
0.0,-132.575,0.0
0.0,-132.229,0.0
0.0,-131.882,0.0
0.0,-131.536,0.0
0.0,-131.104,0.0
0.0,-130.757,0.0
0.0,-130.411,0.0
0.0,-129.979,0.0
0.0,-129.632,0.0
0.0,-129.286,0.0
0.0,-128.94,0.0
0.0,-128.507,0.0
0.0,-128.161,0.0
0.0,-127.815,0.0
0.0,-127.468,0.0
0.0,-127.122,0.0
0.0,0.0,0.0
0.0,0.0,0.0
0.0,15.237,0.0
0.0,33.821,0.0
0.0,37.254,0.0
0.0,40.787,0.0
0.0,44.387,0.0
0.0,48.004,0.0
0.0,51.571,0.0
0.0,55.221,0.0
0.0,58.804,0.0
0.0,62.637,0.0
0.0,66.304,0.0
0.0,69.921,0.0
0.0,73.521,0.0
0.0,77.137,0.0
0.0,80.737,0.0
0.0,84.337,0.0
0.0,87.954,0.0
0.0,91.587,0.0
0.0,95.187,0.0
0.0,98.821,0.0
0.0,102.421,0.0
0.0,106.254,0.0
0.0,109.921,0.0
0.0,113.487,0.0
0.0,117.121,0.0
0.0,120.737,0.0
0.0,124.337,0.0
0.0,127.954,0.0
0.0,131.537,0.0
0.0,135.154,0.0
0.0,138.77,0.0
0.0,142.404,0.0
0.0,146.004,0.0
0.0,149.621,0.0
0.0,153.221,0.0
0.0,156.838,0.0
0.0,160.438,0.0
0.0,164.054,0.0
0.0,167.687,0.0
0.0,171.271,0.0
0.0,174.854,0.0
0.0,178.504,0.0
0.0,182.104,0.0
0.0,185.721,0.0
0.0,189.321,0.0
0.0,192.921,0.0
0.0,196.554,0.0
0.0,200.137,0.0
0.0,203.771,0.0
0.0,207.354,0.0
0.0,210.97,0.0
0.0,214.587,0.0
0.0,218.187,0.0
0.0,221.821,0.0
0.0,225.421,0.0
0.0,229.037,0.0
0.0,232.654,0.0
0.0,236.254,0.0
0.0,239.871,0.0
0.0,243.471,0.0
0.0,247.071,0.0
0.0,250.704,0.0
0.0,254.304,0.0
0.0,257.904,0.0
0.0,261.521,0.0
0.0,265.137,0.0
0.0,268.737,0.0
0.0,272.337,0.0
0.0,275.971,0.0
0.0,279.57,0.0
0.0,283.438,0.0
0.0,287.038,0.0
0.0,290.704,0.0
0.0,294.287,0.0
0.0,297.887,0.0
0.0,301.521,0.0
0.0,305.371,0.0
0.0,309.021,0.0
0.0,312.604,0.0
0.0,316.187,0.0
0.0,319.838,0.0
0.0,323.454,0.0
0.0,327.137,0.0
0.0,330.687,0.0
0.0,334.271,0.0
0.0,337.904,0.0
0.0,341.504,0.0
0.0,345.104,0.0
0.0,348.721,0.0
0.0,352.304,0.0
0.0,355.937,0.0
0.0,359.554,0.0
0.0,363.171,0.0
0.0,366.721,0.0
0.0,370.337,0.0
0.0,371.927,0.0
0.0,369.032,0.0
0.0,365.515,0.0
0.0,361.915,0.0
0.0,358.265,0.0
0.0,354.665,0.0
0.0,351.082,0.0
0.0,347.448,0.0
0.0,343.865,0.0
0.0,340.248,0.0
0.0,336.648,0.0
0.0,333.015,0.0
0.0,329.415,0.0
0.0,325.799,0.0
0.0,321.915,0.0
0.0,318.298,0.0
0.0,314.682,0.0
0.0,311.098,0.0
0.0,307.482,0.0
0.0,303.865,0.0
0.0,300.265,0.0
0.0,296.648,0.0
0.0,293.032,0.0
0.0,289.415,0.0
0.0,285.815,0.0
0.0,282.215,0.0
0.0,278.599,0.0
0.0,274.982,0.0
0.0,271.415,0.0
0.0,267.782,0.0
0.0,264.165,0.0
0.0,260.548,0.0
0.0,256.932,0.0
0.0,253.348,0.0
0.0,249.715,0.0
0.0,246.115,0.0
0.0,242.515,0.0
0.0,238.898,0.0
0.0,235.282,0.0
0.0,231.665,0.0
0.0,228.082,0.0
0.0,224.448,0.0
0.0,220.848,0.0
0.0,217.232,0.0
0.0,213.632,0.0
0.0,209.999,0.0
0.0,206.399,0.0
0.0,202.815,0.0
0.0,199.165,0.0
0.0,195.548,0.0
0.0,191.982,0.0
0.0,188.348,0.0
0.0,184.748,0.0
0.0,180.832,0.0
0.0,177.232,0.0
0.0,173.665,0.0
0.0,170.015,0.0
0.0,166.432,0.0
0.0,162.815,0.0
0.0,159.215,0.0
0.0,155.615,0.0
0.0,151.965,0.0
0.0,148.365,0.0
0.0,144.765,0.0
0.0,141.148,0.0
0.0,137.548,0.0
0.0,133.932,0.0
0.0,130.282,0.0
0.0,126.682,0.0
0.0,123.082,0.0
0.0,119.465,0.0
0.0,115.848,0.0
0.0,112.282,0.0
0.0,108.648,0.0
0.0,105.065,0.0
0.0,104.0,0.0
15.296,104.0,0.0
18.646,104.0,0.0
20.0,104.0,0.0
35.247,104.0,0.0
38.858,104.0,0.0
40.0,104.0,0.0
55.23,104.0,0.0
58.597,104.0,0.0
60.0,104.0,0.0
75.463,104.0,0.0
78.841,104.0,0.0
80.0,104.0,0.0
95.179,104.0,0.0
98.612,104.0,0.0
100.0,104.0,0.0
115.409,104.0,0.0
118.791,104.0,0.0
120.0,104.0,0.0
135.395,104.0,0.0
138.809,104.0,0.0
140.0,104.0,0.0
155.109,104.0,0.0
158.509,104.0,0.0
160.0,104.0,0.0
175.328,104.0,0.0
178.961,104.0,0.0
180.0,104.0,0.0
164.659,104.0,0.0
161.026,104.0,0.0
157.193,104.0,0.0
153.543,104.0,0.0
149.96,104.0,0.0
146.31,104.0,0.0
142.726,104.0,0.0
139.143,104.0,0.0
135.51,104.0,0.0
131.893,104.0,0.0
128.026,104.0,0.0
124.41,104.0,0.0
120.776,104.0,0.0
117.193,104.0,0.0
113.61,104.0,0.0
109.96,104.0,0.0
106.343,104.0,0.0
103.01,104.0,0.0
99.426,104.0,0.0
95.826,104.0,0.0
92.21,104.0,0.0
88.593,104.0,0.0
84.976,104.0,0.0
81.36,104.0,0.0
77.776,104.0,0.0
74.143,104.0,0.0
70.526,104.0,0.0
66.926,104.0,0.0
63.326,104.0,0.0
59.743,104.0,0.0
56.093,104.0,0.0
52.493,104.0,0.0
48.859,104.0,0.0
45.259,104.0,0.0
41.676,104.0,0.0
38.043,104.0,0.0
34.426,104.0,0.0
30.81,104.0,0.0
27.226,104.0,0.0
23.593,104.0,0.0
19.993,104.0,0.0
16.376,104.0,0.0
12.51,104.0,0.0
8.893,104.0,0.0
5.543,104.0,0.0
1.943,104.0,0.0
0.0,104.0,0.0
-11.098,104.0,0.0
-10.666,104.0,0.0
-10.32,104.0,0.0
-9.973,104.0,0.0
-9.541,104.0,0.0
-9.195,104.0,0.0
-8.848,104.0,0.0
-8.502,104.0,0.0
-8.156,104.0,0.0
-7.723,104.0,0.0
-7.377,104.0,0.0
-7.031,104.0,0.0
-6.598,104.0,0.0
-6.252,104.0,0.0
-5.906,104.0,0.0
-5.56,104.0,0.0
-5.127,104.0,0.0
-4.781,104.0,0.0
-4.435,104.0,0.0
-4.088,104.0,0.0
-3.742,104.0,0.0
-3.31,104.0,0.0
-2.963,104.0,0.0
-2.617,104.0,0.0
-2.271,104.0,0.0
-1.838,104.0,0.0
-1.492,104.0,0.0
-1.391,104.0,0.0
-1.738,104.0,0.0
-2.17,104.0,0.0
-2.516,104.0,0.0
-2.863,104.0,0.0
-3.209,104.0,0.0
-3.555,104.0,0.0
-3.902,104.0,0.0
-4.334,104.0,0.0
-4.68,104.0,0.0
-5.027,104.0,0.0
-5.373,104.0,0.0
-5.719,104.0,0.0
-6.152,104.0,0.0
-6.498,104.0,0.0
-6.844,104.0,0.0
-7.19,104.0,0.0
-7.623,104.0,0.0
-7.969,104.0,0.0
-8.315,104.0,0.0
-8.662,104.0,0.0
-9.008,104.0,0.0
-9.44,104.0,0.0
-9.787,104.0,0.0
-9.864,104.0,0.0
-9.518,104.0,0.0
-9.085,104.0,0.0
-8.739,104.0,0.0
-8.393,104.0,0.0
-8.046,104.0,0.0
-7.614,104.0,0.0
-7.268,104.0,0.0
-6.921,104.0,0.0
-6.575,104.0,0.0
-6.143,104.0,0.0
-5.796,104.0,0.0
-5.45,104.0,0.0
-5.104,104.0,0.0
-4.671,104.0,0.0
-4.325,104.0,0.0
-3.979,104.0,0.0
-3.546,104.0,0.0
-3.2,104.0,0.0
-2.854,104.0,0.0
-2.508,104.0,0.0
-2.075,104.0,0.0
-1.729,104.0,0.0
-1.382,104.0,0.0
-0.95,104.0,0.0
-0.604,104.0,0.0
-0.258,104.0,0.0
0.0,104.0,-0.128
0.0,104.0,-2.553
0.0,104.0,-6.013
0.0,104.0,-8.783
0.0,104.0,-11.553
0.0,104.0,-14.323
0.0,104.0,-17.094
0.0,104.0,-19.215
0.0,104.0,-18.868
0.0,104.0,-18.522
0.0,104.0,-18.176
0.0,104.0,-17.743
0.0,104.0,-17.397
0.0,104.0,-17.051
0.0,104.0,-16.618
0.0,104.0,-16.272
0.0,104.0,-15.926
0.0,104.0,-15.579
0.0,104.0,-15.233
0.0,104.0,-14.801
0.0,104.0,-14.454
0.0,104.0,-14.108
0.0,104.0,-13.762
0.0,104.0,-13.329
0.0,104.0,-12.983
0.0,104.0,-12.637
0.0,104.0,-12.291
0.0,104.0,-11.858
0.0,104.0,-11.512
0.0,104.0,-11.165
0.0,104.0,-10.819
0.0,104.0,-10.473
0.0,104.0,-10.041
0.0,104.0,-9.694
0.0,104.0,-9.348
0.0,104.0,-9.002
0.0,104.0,-8.569
0.0,104.0,-8.223
0.0,104.0,-7.877
0.0,104.0,-7.53
0.0,104.0,-7.184
0.0,104.0,-6.752
0.0,104.0,-6.405
0.0,104.0,-6.059
0.0,104.0,-5.713
0.0,104.0,-5.28
0.0,104.0,-4.934
0.0,104.0,-4.588
0.0,104.0,-4.242
0.0,104.0,-3.809
0.0,104.0,-3.463
0.0,104.0,-3.117
0.0,104.0,-2.77
0.0,104.0,-2.424
0.0,104.0,-1.992
0.0,104.0,-1.645
0.0,104.0,-1.299
0.0,104.0,-0.953
0.0,104.0,-0.52
0.0,104.0,-0.497
0.0,104.0,-0.843
0.0,104.0,-1.276
0.0,104.0,-1.622
0.0,104.0,-1.968
0.0,104.0,-2.315
0.0,104.0,-2.661
0.0,104.0,-3.093
0.0,104.0,-3.44
0.0,104.0,-3.786
0.0,104.0,-4.132
0.0,104.0,-4.565
0.0,104.0,-4.911
0.0,104.0,-5.257
0.0,104.0,-5.604
0.0,104.0,-6.036
0.0,104.0,-6.382
0.0,104.0,-6.728
0.0,104.0,-7.075
0.0,104.0,-7.421
0.0,104.0,-7.854
0.0,104.0,-8.2
0.0,104.0,-8.546
0.0,104.0,-8.892
0.0,104.0,-9.325
0.0,104.0,-9.671
0.0,104.0,-10.017
0.0,104.0,-10.45
0.0,104.0,-10.796
0.0,104.0,-11.142
0.0,104.0,-11.489
0.0,104.0,-11.835
0.0,104.0,-12.267
0.0,104.0,-12.614
0.0,104.0,-12.96
0.0,104.0,-13.306
0.0,104.0,-13.739
0.0,104.0,-14.085
0.0,104.0,-14.431
0.0,104.0,-14.864
0.0,104.0,-15.21
0.0,104.0,-15.556
0.0,104.0,-15.902
0.0,104.0,-16.335
0.0,104.0,-16.681
0.0,104.0,-17.028
0.0,104.0,-17.374
0.0,104.0,-17.72
0.0,104.0,-18.152
0.0,104.0,-18.499
0.0,104.0,-18.845
0.0,104.0,-18.827
0.0,104.0,-18.395
0.0,104.0,-18.049
0.0,104.0,-17.702
0.0,104.0,-17.356
0.0,104.0,-17.01
0.0,104.0,-16.577
0.0,104.0,-16.231
0.0,104.0,-15.799
0.0,104.0,-15.452
0.0,104.0,-15.106
0.0,104.0,-14.76
0.0,104.0,-14.414
0.0,104.0,-13.981
0.0,104.0,-13.635
0.0,104.0,-13.289
0.0,104.0,-12.856
0.0,104.0,-12.51
0.0,104.0,-12.164
0.0,104.0,-11.817
0.0,104.0,-11.385
0.0,104.0,-11.039
0.0,104.0,-10.692
0.0,104.0,-10.346
0.0,104.0,-10.0
0.0,104.0,-9.567
0.0,104.0,-9.221
0.0,104.0,-8.875
0.0,104.0,-8.528
0.0,104.0,-8.096
0.0,104.0,-7.75
0.0,104.0,-7.403
0.0,104.0,-7.057
0.0,104.0,-6.625
0.0,104.0,-6.278
0.0,104.0,-5.932
0.0,104.0,-5.586
0.0,104.0,-5.24
0.0,104.0,-4.807
0.0,104.0,-4.461
0.0,104.0,-4.115
0.0,104.0,-3.768
0.0,104.0,-3.336
0.0,104.0,-2.99
0.0,104.0,-2.643
0.0,104.0,-2.211
0.0,104.0,-1.865
0.0,104.0,-1.518
0.0,104.0,-1.172
0.0,104.0,-0.826
0.0,104.0,-0.393
0.0,104.0,-0.047
0.0,102.82,0.0
0.0,98.56,0.0
0.0,95.144,0.0
0.0,91.727,0.0
0.0,88.31,0.0
0.0,84.044,0.0
0.0,80.627,0.0
0.0,77.21,0.0
0.0,73.794,0.0
0.0,69.527,0.0
0.0,66.111,0.0
0.0,62.693,0.0
0.0,59.277,0.0
0.0,55.86,0.0
0.0,51.594,0.0
0.0,48.177,0.0
0.0,44.76,0.0
0.0,41.344,0.0
0.0,37.927,0.0
0.0,34.511,0.0
0.0,30.244,0.0
0.0,26.827,0.0
0.0,23.41,0.0
0.0,19.994,0.0
0.0,15.727,0.0
0.0,12.311,0.0
0.0,8.893,0.0
0.0,5.477,0.0
0.0,2.06,0.0
0.0,-1.356,0.0
0.0,-5.623,0.0
0.0,-9.04,0.0
0.0,-10.158,0.0
0.0,-9.725,0.0
0.0,-9.379,0.0
0.0,-9.033,0.0
0.0,-8.687,0.0
0.0,-8.254,0.0
0.0,-7.908,0.0
0.0,-7.562,0.0
0.0,-7.215,0.0
0.0,-6.869,0.0
0.0,-6.523,0.0
0.0,-6.09,0.0
0.0,-5.744,0.0
0.0,-5.398,0.0
0.0,-4.965,0.0
0.0,-4.619,0.0
0.0,-4.273,0.0
0.0,-3.84,0.0
0.0,-3.494,0.0
0.0,-3.148,0.0
0.0,-2.801,0.0
0.0,-2.369,0.0
0.0,-2.023,0.0
0.0,-1.676,0.0
0.0,-1.244,0.0
0.0,-0.898,0.0
0.0,-0.551,0.0
0.0,-0.478,0.0
0.0,-0.824,0.0
0.0,-1.257,0.0
0.0,-1.603,0.0
0.0,-1.949,0.0
0.0,-2.296,0.0
0.0,-2.728,0.0
0.0,-3.074,0.0
0.0,-3.421,0.0
0.0,-3.767,0.0
0.0,-4.113,0.0
0.0,-4.546,0.0
0.0,-4.892,0.0
0.0,-5.238,0.0
0.0,-5.584,0.0
0.0,-6.017,0.0
0.0,-6.363,0.0
0.0,-6.709,0.0
0.0,-7.056,0.0
0.0,-7.488,0.0
0.0,-7.834,0.0
0.0,-8.181,0.0
0.0,-8.527,0.0
0.0,-8.959,0.0
0.0,-9.306,0.0
0.0,-9.652,0.0
0.0,-9.998,0.0
0.0,-9.59,0.0
0.0,-9.244,0.0
0.0,-8.898,0.0
0.0,-8.551,0.0
0.0,-8.119,0.0
0.0,-7.773,0.0
0.0,-7.426,0.0
0.0,-7.08,0.0
0.0,-6.734,0.0
0.0,-6.301,0.0
0.0,-5.955,0.0
0.0,-5.609,0.0
0.0,-5.263,0.0
0.0,-4.916,0.0
0.0,-4.484,0.0
0.0,-4.138,0.0
0.0,-3.791,0.0
0.0,-3.445,0.0
0.0,-3.099,0.0
0.0,-2.666,0.0
0.0,-2.32,0.0
0.0,-1.974,0.0
0.0,-1.627,0.0
0.0,-1.195,0.0
0.0,-0.849,0.0
0.0,-0.502,0.0
0.0,-0.156,0.0
0.0,0.0,0.0
0.0,0.0,0.0
0.0,15.306,0.0
0.0,33.923,0.0
0.0,37.323,0.0
0.0,40.84,0.0
0.0,44.473,0.0
0.0,48.09,0.0
0.0,51.69,0.0
0.0,55.306,0.0
0.0,58.906,0.0
0.0,62.523,0.0
0.0,66.423,0.0
0.0,70.273,0.0
0.0,73.873,0.0
0.0,77.506,0.0
0.0,81.106,0.0
0.0,84.723,0.0
0.0,88.323,0.0
0.0,91.956,0.0
0.0,95.556,0.0
0.0,99.156,0.0
0.0,102.79,0.0
0.0,106.373,0.0
0.0,110.006,0.0
0.0,113.607,0.0
0.0,117.223,0.0
0.0,120.84,0.0
0.0,124.423,0.0
0.0,128.056,0.0
0.0,131.656,0.0
0.0,135.29,0.0
0.0,138.84,0.0
0.0,142.407,0.0
0.0,146.106,0.0
0.0,149.706,0.0
0.0,153.306,0.0
0.0,156.94,0.0
0.0,160.54,0.0
0.0,164.156,0.0
0.0,167.756,0.0
0.0,171.656,0.0
0.0,175.256,0.0
0.0,178.856,0.0
0.0,182.473,0.0
0.0,186.073,0.0
0.0,189.69,0.0
0.0,193.29,0.0
0.0,196.94,0.0
0.0,200.539,0.0
0.0,204.14,0.0
0.0,207.74,0.0
0.0,211.356,0.0
0.0,214.99,0.0
0.0,218.573,0.0
0.0,222.207,0.0
0.0,225.807,0.0
0.0,229.406,0.0
0.0,233.023,0.0
0.0,236.623,0.0
0.0,240.24,0.0
0.0,243.84,0.0
0.0,247.44,0.0
0.0,250.806,0.0
0.0,254.423,0.0
0.0,257.99,0.0
0.0,261.623,0.0
0.0,265.207,0.0
0.0,268.856,0.0
0.0,272.44,0.0
0.0,276.04,0.0
0.0,279.673,0.0
0.0,283.273,0.0
0.0,287.19,0.0
0.0,290.756,0.0
0.0,294.39,0.0
0.0,297.99,0.0
0.0,301.623,0.0
0.0,305.223,0.0
0.0,308.823,0.0
0.0,312.423,0.0
0.0,316.04,0.0
0.0,319.656,0.0
0.0,323.256,0.0
0.0,326.873,0.0
0.0,330.523,0.0
0.0,334.09,0.0
0.0,337.69,0.0
0.0,341.323,0.0
0.0,344.906,0.0
0.0,348.539,0.0
0.0,352.14,0.0
0.0,355.773,0.0
0.0,359.373,0.0
0.0,362.973,0.0
0.0,366.59,0.0
0.0,370.207,0.0
0.0,371.965,0.0
0.0,369.329,0.0
0.0,365.696,0.0
0.0,362.096,0.0
0.0,358.479,0.0
0.0,354.879,0.0
0.0,351.246,0.0
0.0,347.646,0.0
0.0,344.03,0.0
0.0,340.429,0.0
0.0,336.513,0.0
0.0,332.913,0.0
0.0,329.346,0.0
0.0,325.713,0.0
0.0,322.079,0.0
0.0,318.479,0.0
0.0,314.896,0.0
0.0,311.263,0.0
0.0,307.646,0.0
0.0,303.996,0.0
0.0,300.463,0.0
0.0,296.83,0.0
0.0,293.213,0.0
0.0,289.613,0.0
0.0,286.046,0.0
0.0,282.379,0.0
0.0,278.763,0.0
0.0,275.163,0.0
0.0,271.579,0.0
0.0,267.963,0.0
0.0,264.363,0.0
0.0,260.746,0.0
0.0,257.113,0.0
0.0,253.513,0.0
0.0,249.929,0.0
0.0,246.313,0.0
0.0,242.696,0.0
0.0,239.063,0.0
0.0,235.479,0.0
0.0,231.846,0.0
0.0,228.246,0.0
0.0,224.63,0.0
0.0,221.013,0.0
0.0,217.396,0.0
0.0,213.796,0.0
0.0,210.179,0.0
0.0,206.579,0.0
0.0,202.963,0.0
0.0,199.379,0.0
0.0,195.779,0.0
0.0,192.163,0.0
0.0,188.563,0.0
0.0,184.963,0.0
0.0,181.313,0.0
0.0,177.413,0.0
0.0,173.83,0.0
0.0,170.23,0.0
0.0,166.596,0.0
0.0,162.996,0.0
0.0,159.413,0.0
0.0,155.763,0.0
0.0,151.913,0.0
0.0,148.263,0.0
0.0,144.679,0.0
0.0,141.046,0.0
0.0,137.446,0.0
0.0,133.846,0.0
0.0,130.229,0.0
0.0,126.63,0.0
0.0,123.013,0.0
0.0,119.396,0.0
0.0,115.763,0.0
0.0,112.163,0.0
0.0,108.563,0.0
0.0,104.963,0.0
0.0,101.329,0.0
0.0,99.002,0.0
0.0,99.0,0.0
15.344,99.0,0.0
18.694,99.0,0.0
20.0,99.0,0.0
35.13,99.0,0.0
38.747,99.0,0.0
40.0,99.0,0.0
55.096,99.0,0.0
58.463,99.0,0.0
60.0,99.0,0.0
75.343,99.0,0.0
78.946,99.0,0.0
80.0,99.0,0.0
95.33,99.0,0.0
98.934,99.0,0.0
100.0,99.0,0.0
115.31,99.0,0.0
118.918,99.0,0.0
120.0,99.0,0.0
135.312,99.0,0.0
138.678,99.0,0.0
140.0,99.0,0.0
155.278,99.0,0.0
158.728,99.0,0.0
160.0,99.0,0.0
175.263,99.0,0.0
178.857,99.0,0.0
180.0,99.0,0.0
164.739,99.0,0.0
161.122,99.0,0.0
157.506,99.0,0.0
153.922,99.0,0.0
150.306,99.0,0.0
146.672,99.0,0.0
143.056,99.0,0.0
139.472,99.0,0.0
135.856,99.0,0.0
132.239,99.0,0.0
128.656,99.0,0.0
125.039,99.0,0.0
121.423,99.0,0.0
117.772,99.0,0.0
114.206,99.0,0.0
110.522,99.0,0.0
106.706,99.0,0.0
103.089,99.0,0.0
99.489,99.0,0.0
95.856,99.0,0.0
92.272,99.0,0.0
88.922,99.0,0.0
85.289,99.0,0.0
81.739,99.0,0.0
78.089,99.0,0.0
74.489,99.0,0.0
70.889,99.0,0.0
67.256,99.0,0.0
63.689,99.0,0.0
60.039,99.0,0.0
56.439,99.0,0.0
52.823,99.0,0.0
49.223,99.0,0.0
45.639,99.0,0.0
42.006,99.0,0.0
38.406,99.0,0.0
34.756,99.0,0.0
31.172,99.0,0.0
27.572,99.0,0.0
23.956,99.0,0.0
20.356,99.0,0.0
16.722,99.0,0.0
13.122,99.0,0.0
9.506,99.0,0.0
5.922,99.0,0.0
2.322,99.0,0.0
0.001,99.0,0.0
0.0,99.0,0.0
0.0,0.0,0.0
9.687,14.53,0.484
10.724,16.086,0.536
11.659,17.489,0.583
19.139,28.708,0.957
16.972,25.458,0.849
14.945,22.417,0.747
12.815,19.222,0.641
10.805,16.208,0.54
8.796,13.194,0.44
6.778,10.167,0.339
4.769,7.153,0.238
2.787,4.181,0.139
0.777,1.166,0.039
0.0,0.0,0.0
0.0,0.0,0.0
9.741,14.612,0.487
10.269,15.403,0.513
10.871,16.306,0.544
19.991,29.986,1.0
18.353,27.53,0.918
16.335,24.502,0.817
14.325,21.488,0.716
12.325,18.488,0.616
10.335,15.502,0.517
8.316,12.474,0.416
6.307,9.461,0.315
4.307,6.46,0.215
2.14,3.21,0.107
0.236,0.354,0.012
0.0,0.0,0.0
8.715,13.072,0.436
10.585,15.877,0.529
12.576,18.864,0.629
14.576,21.864,0.729
16.576,24.864,0.829
18.742,28.113,0.937
20.0,30.0,1.0
28.585,42.878,1.429
30.595,45.892,1.53
32.595,48.892,1.63
34.595,51.892,1.73
36.595,54.892,1.83
38.595,57.892,1.93
39.999,59.999,2.0
40.0,60.0,2.0
31.268,46.902,1.563
29.092,43.638,1.455
27.092,40.638,1.355
25.101,37.652,1.255
23.074,34.611,1.154
21.074,31.611,1.054
20.0,30.0,1.0
28.714,43.071,1.436
30.621,45.932,1.531
32.593,48.89,1.63
34.593,51.89,1.73
36.733,55.099,1.837
38.742,58.113,1.937
40.0,60.0,2.0
31.407,47.111,1.57
29.389,44.083,1.469
27.389,41.083,1.369
25.38,38.07,1.269
23.389,35.083,1.169
21.37,32.055,1.069
20.0,30.0,1.0
20.0,30.0,1.0
7.125,30.0,1.0
3.665,30.0,1.0
0.895,30.0,1.0
-1.875,30.0,1.0
-4.645,30.0,1.0
-8.105,30.0,1.0
-10.875,30.0,1.0
-13.646,30.0,1.0
-16.416,30.0,1.0
-19.186,30.0,1.0
-22.645,30.0,1.0
-25.416,30.0,1.0
-28.186,30.0,1.0
-30.956,30.0,1.0
-34.416,30.0,1.0
-37.186,30.0,1.0
-39.956,30.0,1.0
-43.416,30.0,1.0
-46.186,30.0,1.0
-48.929,30.0,1.0
-48.595,30.0,1.0
-48.163,30.0,1.0
-47.817,30.0,1.0
-47.47,30.0,1.0
-47.124,30.0,1.0
-46.778,30.0,1.0
-46.345,30.0,1.0
-45.999,30.0,1.0
-45.653,30.0,1.0
-45.306,30.0,1.0
-44.874,30.0,1.0
-44.528,30.0,1.0
-44.181,30.0,1.0
-43.749,30.0,1.0
-43.403,30.0,1.0
-43.056,30.0,1.0
-42.71,30.0,1.0
-42.278,30.0,1.0
-41.931,30.0,1.0
-41.585,30.0,1.0
-41.239,30.0,1.0
-40.893,30.0,1.0
-40.546,30.0,1.0
-40.2,30.0,1.0
-39.768,30.0,1.0
-39.421,30.0,1.0
-39.075,30.0,1.0
-39.102,30.0,1.0
-39.535,30.0,1.0
-39.881,30.0,1.0
-40.227,30.0,1.0
-40.574,30.0,1.0
-41.006,30.0,1.0
-41.352,30.0,1.0
-41.699,30.0,1.0
-42.045,30.0,1.0
-42.391,30.0,1.0
-42.824,30.0,1.0
-43.17,30.0,1.0
-43.516,30.0,1.0
-43.863,30.0,1.0
-44.295,30.0,1.0
-44.641,30.0,1.0
-44.988,30.0,1.0
-45.334,30.0,1.0
-45.766,30.0,1.0
-46.113,30.0,1.0
-46.459,30.0,1.0
-46.805,30.0,1.0
-47.238,30.0,1.0
-47.584,30.0,1.0
-47.786,30.0,1.0
-47.44,30.0,1.0
-47.008,30.0,1.0
-46.661,30.0,1.0
-46.315,30.0,1.0
-45.969,30.0,1.0
-45.536,30.0,1.0
-45.19,30.0,1.0
-44.844,30.0,1.0
-44.498,30.0,1.0
-44.151,30.0,1.0
-43.719,30.0,1.0
-43.373,30.0,1.0
-43.026,30.0,1.0
-42.68,30.0,1.0
-42.248,30.0,1.0
-41.901,30.0,1.0
-41.555,30.0,1.0
-41.209,30.0,1.0
-40.862,30.0,1.0
-40.43,30.0,1.0
-40.084,30.0,1.0
-39.737,30.0,1.0
-39.391,30.0,1.0
-38.959,30.0,1.0
-38.612,30.0,1.0
-38.266,30.0,1.0
0.0,30.0,0.872
0.0,30.0,-0.864
0.0,30.0,-3.635
0.0,30.0,-6.405
0.0,30.0,-9.864
0.0,30.0,-12.634
0.0,30.0,-15.405
0.0,30.0,-18.175
0.0,30.0,-18.715
0.0,30.0,-18.369
0.0,30.0,-18.022
0.0,30.0,-17.676
0.0,30.0,-17.33
0.0,30.0,-16.897
0.0,30.0,-16.551
0.0,30.0,-16.205
0.0,30.0,-15.858
0.0,30.0,-15.426
0.0,30.0,-15.08
0.0,30.0,-14.733
0.0,30.0,-14.387
0.0,30.0,-14.041
0.0,30.0,-13.608
0.0,30.0,-13.262
0.0,30.0,-12.916
0.0,30.0,-12.57
0.0,30.0,-12.137
0.0,30.0,-11.791
0.0,30.0,-11.445
0.0,30.0,-11.098
0.0,30.0,-10.666
0.0,30.0,-10.32
0.0,30.0,-9.973
0.0,30.0,-9.627
0.0,30.0,-9.281
0.0,30.0,-8.934
0.0,30.0,-8.502
0.0,30.0,-8.156
0.0,30.0,-7.809
0.0,30.0,-7.463
0.0,30.0,-7.117
0.0,30.0,-6.684
0.0,30.0,-6.338
0.0,30.0,-5.992
0.0,30.0,-5.646
0.0,30.0,-5.213
0.0,30.0,-4.867
0.0,30.0,-4.521
0.0,30.0,-4.174
0.0,30.0,-3.828
0.0,30.0,-3.482
0.0,30.0,-3.049
0.0,30.0,-2.703
0.0,30.0,-2.357
0.0,30.0,-2.01
0.0,30.0,-1.578
0.0,30.0,-1.232
0.0,30.0,-0.885
0.0,30.0,-0.539
0.0,30.0,-0.107
0.0,30.0,-0.263
0.0,30.0,-0.609
0.0,30.0,-0.955
0.0,30.0,-1.388
0.0,30.0,-1.734
0.0,30.0,-2.08
0.0,30.0,-2.426
0.0,30.0,-2.859
0.0,30.0,-3.205
0.0,30.0,-3.551
0.0,30.0,-3.898
0.0,30.0,-4.244
0.0,30.0,-4.676
0.0,30.0,-5.023
0.0,30.0,-5.369
0.0,30.0,-5.715
0.0,30.0,-6.148
0.0,30.0,-6.494
0.0,30.0,-6.84
0.0,30.0,-7.273
0.0,30.0,-7.619
0.0,30.0,-7.965
0.0,30.0,-8.312
0.0,30.0,-8.744
0.0,30.0,-9.09
0.0,30.0,-9.437
0.0,30.0,-9.783
0.0,30.0,-10.215
0.0,30.0,-10.562
0.0,30.0,-10.908
0.0,30.0,-11.254
0.0,30.0,-11.687
0.0,30.0,-12.033
0.0,30.0,-12.379
0.0,30.0,-12.725
0.0,30.0,-13.072
0.0,30.0,-13.504
0.0,30.0,-13.85
0.0,30.0,-14.197
0.0,30.0,-14.543
0.0,30.0,-14.889
0.0,30.0,-15.322
0.0,30.0,-15.668
0.0,30.0,-16.014
0.0,30.0,-16.361
0.0,30.0,-16.707
0.0,30.0,-17.139
0.0,30.0,-17.486
0.0,30.0,-17.832
0.0,30.0,-18.178
0.0,30.0,-18.596
0.0,30.0,-18.256
0.0,30.0,-17.909
0.0,30.0,-17.563
0.0,30.0,-17.217
0.0,30.0,-16.871
0.0,30.0,-16.438
0.0,30.0,-16.092
0.0,30.0,-15.746
0.0,30.0,-15.399
0.0,30.0,-15.053
0.0,30.0,-14.621
0.0,30.0,-14.274
0.0,30.0,-13.928
0.0,30.0,-13.582
0.0,30.0,-13.235
0.0,30.0,-12.889
0.0,30.0,-12.457
0.0,30.0,-12.11
0.0,30.0,-11.764
0.0,30.0,-11.418
0.0,30.0,-11.072
0.0,30.0,-10.639
0.0,30.0,-10.293
0.0,30.0,-9.947
0.0,30.0,-9.6
0.0,30.0,-9.254
0.0,30.0,-8.822
0.0,30.0,-8.475
0.0,30.0,-8.129
0.0,30.0,-7.783
0.0,30.0,-7.436
0.0,30.0,-7.004
0.0,30.0,-6.658
0.0,30.0,-6.311
0.0,30.0,-5.965
0.0,30.0,-5.619
0.0,30.0,-5.186
0.0,30.0,-4.84
0.0,30.0,-4.494
0.0,30.0,-4.148
0.0,30.0,-3.801
0.0,30.0,-3.455
0.0,30.0,-3.023
0.0,30.0,-2.676
0.0,30.0,-2.33
0.0,30.0,-1.984
0.0,30.0,-1.637
0.0,30.0,-1.205
0.0,30.0,-0.859
0.0,30.0,-0.512
0.0,30.0,-0.166
0.0,30.0,0.18
0.0,29.475,0.0
0.0,26.256,0.0
0.0,22.84,0.0
0.0,19.423,0.0
0.0,15.157,0.0
0.0,11.74,0.0
0.0,8.323,0.0
0.0,4.907,0.0
0.0,1.49,0.0
0.0,-2.777,0.0
0.0,-6.194,0.0
0.0,-9.61,0.0
0.0,-13.027,0.0
0.0,-16.443,0.0
0.0,-20.71,0.0
0.0,-24.127,0.0
0.0,-27.544,0.0
0.0,-30.96,0.0
0.0,-34.377,0.0
0.0,-37.793,0.0
0.0,-39.817,0.0
0.0,-39.471,0.0
0.0,-39.124,0.0
0.0,-38.778,0.0
0.0,-38.432,0.0
0.0,-38.086,0.0
0.0,-37.653,0.0
0.0,-37.307,0.0
0.0,-36.961,0.0
0.0,-36.614,0.0
0.0,-36.182,0.0
0.0,-35.836,0.0
0.0,-35.489,0.0
0.0,-35.143,0.0
0.0,-34.797,0.0
0.0,-34.364,0.0
0.0,-34.018,0.0
0.0,-33.672,0.0
0.0,-33.325,0.0
0.0,-32.979,0.0
0.0,-32.633,0.0
0.0,-32.2,0.0
0.0,-31.854,0.0
0.0,-31.508,0.0
0.0,-31.162,0.0
0.0,-30.815,0.0
0.0,-30.383,0.0
0.0,-30.037,0.0
0.0,-30.301,0.0
0.0,-30.647,0.0
0.0,-30.993,0.0
0.0,-31.426,0.0
0.0,-31.772,0.0
0.0,-32.118,0.0
0.0,-32.465,0.0
0.0,-32.811,0.0
0.0,-33.243,0.0
0.0,-33.59,0.0
0.0,-33.936,0.0
0.0,-34.282,0.0
0.0,-34.629,0.0
0.0,-35.061,0.0
0.0,-35.407,0.0
0.0,-35.754,0.0
0.0,-36.1,0.0
0.0,-36.446,0.0
0.0,-36.879,0.0
0.0,-37.225,0.0
0.0,-37.571,0.0
0.0,-37.917,0.0
0.0,-38.264,0.0
0.0,-38.696,0.0
0.0,-39.042,0.0
0.0,-39.389,0.0
0.0,-39.581,0.0
0.0,-39.235,0.0
0.0,-38.803,0.0
0.0,-38.456,0.0
0.0,-38.11,0.0
0.0,-37.764,0.0
0.0,-37.417,0.0
0.0,-36.985,0.0
0.0,-36.639,0.0
0.0,-36.292,0.0
0.0,-35.946,0.0
0.0,-35.6,0.0
0.0,-35.167,0.0
0.0,-34.821,0.0
0.0,-34.475,0.0
0.0,-34.129,0.0
0.0,-33.782,0.0
0.0,-33.35,0.0
0.0,-33.004,0.0
0.0,-32.657,0.0
0.0,-32.311,0.0
0.0,-31.965,0.0
0.0,-31.532,0.0
0.0,-31.186,0.0
0.0,-30.84,0.0
0.0,-30.493,0.0
0.0,-30.147,0.0
0.0,-29.715,0.0
0.0,0.0,0.0
0.0,0.0,0.0
-11.097,0.0,0.0
-10.749,0.0,0.0
-10.317,0.0,0.0
-9.971,0.0,0.0
-9.625,0.0,0.0
-9.278,0.0,0.0
-8.932,0.0,0.0
-8.586,0.0,0.0
-8.153,0.0,0.0
-7.807,0.0,0.0
-7.461,0.0,0.0
-7.028,0.0,0.0
-6.682,0.0,0.0
-6.336,0.0,0.0
-5.903,0.0,0.0
-5.557,0.0,0.0
-5.211,0.0,0.0
-4.864,0.0,0.0
-4.432,0.0,0.0
-4.086,0.0,0.0
-3.739,0.0,0.0
-3.307,0.0,0.0
-2.961,0.0,0.0
-2.614,0.0,0.0
-2.268,0.0,0.0
-1.922,0.0,0.0
-1.489,0.0,0.0
-1.392,0.0,0.0
-1.738,0.0,0.0
-2.085,0.0,0.0
-2.517,0.0,0.0
-2.863,0.0,0.0
-3.21,0.0,0.0
-3.556,0.0,0.0
-3.988,0.0,0.0
-4.335,0.0,0.0
-4.681,0.0,0.0
-5.027,0.0,0.0
-5.46,0.0,0.0
-5.806,0.0,0.0
-6.152,0.0,0.0
-6.499,0.0,0.0
-6.845,0.0,0.0
-7.191,0.0,0.0
-7.624,0.0,0.0
-7.97,0.0,0.0
-8.316,0.0,0.0
-8.662,0.0,0.0
-9.009,0.0,0.0
-9.441,0.0,0.0
-9.787,0.0,0.0
-9.932,0.0,0.0
-9.585,0.0,0.0
-9.239,0.0,0.0
-8.807,0.0,0.0
-8.46,0.0,0.0
-8.114,0.0,0.0
-7.768,0.0,0.0
-7.421,0.0,0.0
-7.075,0.0,0.0
-6.643,0.0,0.0
-6.297,0.0,0.0
-5.95,0.0,0.0
-5.604,0.0,0.0
-5.258,0.0,0.0
-4.825,0.0,0.0
-4.479,0.0,0.0
-4.133,0.0,0.0
-3.786,0.0,0.0
-3.44,0.0,0.0
-3.008,0.0,0.0
-2.661,0.0,0.0
-2.315,0.0,0.0
-1.969,0.0,0.0
-1.623,0.0,0.0
-1.19,0.0,0.0
-0.844,0.0,0.0
-0.497,0.0,0.0
-0.151,0.0,0.0
0.0,0.0,-1.162
0.0,0.0,-3.932
0.0,0.0,-6.702
0.0,0.0,-9.472
0.0,0.0,-12.932
0.0,0.0,-15.702
0.0,0.0,-18.473
0.0,0.0,-19.007
0.0,0.0,-18.66
0.0,0.0,-18.228
0.0,0.0,-17.882
0.0,0.0,-17.535
0.0,0.0,-17.189
0.0,0.0,-16.843
0.0,0.0,-16.41
0.0,0.0,-16.064
0.0,0.0,-15.718
0.0,0.0,-15.372
0.0,0.0,-14.939
0.0,0.0,-14.593
0.0,0.0,-14.247
0.0,0.0,-13.9
0.0,0.0,-13.554
0.0,0.0,-13.208
0.0,0.0,-12.775
0.0,0.0,-12.429
0.0,0.0,-12.083
0.0,0.0,-11.736
0.0,0.0,-11.39
0.0,0.0,-10.958
0.0,0.0,-10.612
0.0,0.0,-10.265
0.0,0.0,-9.919
0.0,0.0,-9.573
0.0,0.0,-9.14
0.0,0.0,-8.794
0.0,0.0,-8.448
0.0,0.0,-8.101
0.0,0.0,-7.755
0.0,0.0,-7.323
0.0,0.0,-6.976
0.0,0.0,-6.63
0.0,0.0,-6.284
0.0,0.0,-5.938
0.0,0.0,-5.505
0.0,0.0,-5.159
0.0,0.0,-4.812
0.0,0.0,-4.466
0.0,0.0,-4.12
0.0,0.0,-3.688
0.0,0.0,-3.341
0.0,0.0,-2.995
0.0,0.0,-2.649
0.0,0.0,-2.302
0.0,0.0,-1.87
0.0,0.0,-1.524
0.0,0.0,-1.177
0.0,0.0,-0.831
0.0,0.0,-0.485
0.0,0.0,-0.317
0.0,0.0,-0.749
0.0,0.0,-1.095
0.0,0.0,-1.441
0.0,0.0,-1.788
0.0,0.0,-2.134
0.0,0.0,-2.567
0.0,0.0,-2.913
0.0,0.0,-3.259
0.0,0.0,-3.605
0.0,0.0,-4.038
0.0,0.0,-4.384
0.0,0.0,-4.817
0.0,0.0,-5.163
0.0,0.0,-5.509
0.0,0.0,-5.855
0.0,0.0,-6.202
0.0,0.0,-6.634
0.0,0.0,-6.98
0.0,0.0,-7.327
0.0,0.0,-7.673
0.0,0.0,-8.019
0.0,0.0,-8.452
0.0,0.0,-8.798
0.0,0.0,-9.144
0.0,0.0,-9.491
0.0,0.0,-9.837
0.0,0.0,-10.269
0.0,0.0,-10.615
0.0,0.0,-10.962
0.0,0.0,-11.308
0.0,0.0,-11.654
0.0,0.0,-12.087
0.0,0.0,-12.433
0.0,0.0,-12.779
0.0,0.0,-13.126
0.0,0.0,-13.472
0.0,0.0,-13.818
0.0,0.0,-14.251
0.0,0.0,-14.597
0.0,0.0,-14.943
0.0,0.0,-15.289
0.0,0.0,-15.636
0.0,0.0,-16.068
0.0,0.0,-16.414
0.0,0.0,-16.761
0.0,0.0,-17.107
0.0,0.0,-17.453
0.0,0.0,-17.886
0.0,0.0,-18.232
0.0,0.0,-18.578
0.0,0.0,-18.925
0.0,0.0,-18.66
0.0,0.0,-18.228
0.0,0.0,-17.881
0.0,0.0,-17.535
0.0,0.0,-17.189
0.0,0.0,-16.843
0.0,0.0,-16.496
0.0,0.0,-16.064
0.0,0.0,-15.718
0.0,0.0,-15.371
0.0,0.0,-15.025
0.0,0.0,-14.679
0.0,0.0,-14.246
0.0,0.0,-13.9
0.0,0.0,-13.554
0.0,0.0,-13.035
0.0,0.0,-12.689
0.0,0.0,-12.343
0.0,0.0,-11.91
0.0,0.0,-11.564
0.0,0.0,-11.218
0.0,0.0,-10.871
0.0,0.0,-10.525
0.0,0.0,-10.093
0.0,0.0,-9.746
0.0,0.0,-9.4
0.0,0.0,-9.054
0.0,0.0,-8.707
0.0,0.0,-8.275
0.0,0.0,-7.929
0.0,0.0,-7.582
0.0,0.0,-7.236
0.0,0.0,-6.89
0.0,0.0,-6.457
0.0,0.0,-6.111
0.0,0.0,-5.765
0.0,0.0,-5.419
0.0,0.0,-5.072
0.0,0.0,-4.64
0.0,0.0,-4.294
0.0,0.0,-3.947
0.0,0.0,-3.601
0.0,0.0,-3.255
0.0,0.0,-2.822
0.0,0.0,-2.476
0.0,0.0,-2.13
0.0,0.0,-1.783
0.0,0.0,-1.437
0.0,0.0,-1.091
0.0,0.0,-0.658
0.0,0.0,-0.312
0.0,0.0,0.032
0.0,-2.028,0.0
0.0,-5.445,0.0
0.0,-8.861,0.0
0.0,-13.128,0.0
0.0,-16.544,0.0
0.0,-19.962,0.0
0.0,-23.378,0.0
0.0,-26.795,0.0
0.0,-30.211,0.0
0.0,-34.478,0.0
0.0,-37.895,0.0
0.0,-41.311,0.0
0.0,-44.728,0.0
0.0,-48.144,0.0
0.0,-52.411,0.0
0.0,-55.828,0.0
0.0,-59.245,0.0
0.0,-62.661,0.0
0.0,-66.078,0.0
0.0,-70.344,0.0
0.0,-73.762,0.0
0.0,-77.178,0.0
0.0,-80.595,0.0
0.0,-84.011,0.0
0.0,-88.278,0.0
0.0,-91.695,0.0
0.0,-95.111,0.0
0.0,-98.528,0.0
0.0,-101.944,0.0
0.0,-106.211,0.0
0.0,-109.628,0.0
0.0,-113.045,0.0
0.0,-116.461,0.0
0.0,-119.878,0.0
0.0,-124.145,0.0
0.0,-127.562,0.0
0.0,-130.978,0.0
0.0,-135.245,0.0
0.0,-138.661,0.0
0.0,-142.078,0.0
0.0,-145.495,0.0
0.0,-148.911,0.0
0.0,-153.178,0.0
0.0,-156.595,0.0
0.0,-160.011,0.0
0.0,-163.428,0.0
0.0,-166.845,0.0
0.0,-170.261,0.0
0.0,-174.528,0.0
0.0,-177.944,0.0
0.0,-181.362,0.0
0.0,-184.778,0.0
0.0,-188.195,0.0
0.0,-192.461,0.0
0.0,-195.878,0.0
0.0,-199.295,0.0
0.0,-202.711,0.0
0.0,-206.128,0.0
0.0,-210.395,0.0
0.0,-213.811,0.0
0.0,-217.228,0.0
0.0,-220.645,0.0
0.0,-224.061,0.0
0.0,-228.328,0.0
0.0,-231.744,0.0
0.0,-235.162,0.0
0.0,-238.578,0.0
0.0,-241.995,0.0
0.0,-246.261,0.0
0.0,-249.678,0.0
0.0,-253.095,0.0
0.0,-256.511,0.0
0.0,-259.928,0.0
0.0,-264.195,0.0
0.0,-267.611,0.0
0.0,-271.028,0.0
0.0,-274.445,0.0
0.0,-277.861,0.0
0.0,-281.278,0.0
0.0,-285.544,0.0
0.0,-288.962,0.0
0.0,-292.378,0.0
0.0,-295.795,0.0
0.0,-300.061,0.0
0.0,-303.478,0.0
0.0,-306.895,0.0
0.0,-310.311,0.0
0.0,-314.578,0.0
0.0,-317.995,0.0
0.0,-321.411,0.0
0.0,-324.828,0.0
0.0,-329.095,0.0
0.0,-332.511,0.0
0.0,-335.593,0.0
0.0,-335.247,0.0
0.0,-334.901,0.0
0.0,-334.555,0.0
0.0,-334.122,0.0
0.0,-333.776,0.0
0.0,-333.43,0.0
0.0,-333.084,0.0
0.0,-332.737,0.0
0.0,-332.305,0.0
0.0,-331.958,0.0
0.0,-331.612,0.0
0.0,-331.266,0.0
0.0,-330.92,0.0
0.0,-330.573,0.0
0.0,-330.141,0.0
0.0,-329.795,0.0
0.0,-329.448,0.0
0.0,-329.102,0.0
0.0,-328.67,0.0
0.0,-328.323,0.0
0.0,-327.977,0.0
0.0,-327.631,0.0
0.0,-327.284,0.0
0.0,-326.852,0.0
0.0,-326.506,0.0
0.0,-326.16,0.0
0.0,-325.813,0.0
0.0,-325.726,0.0
0.0,-326.159,0.0
0.0,-326.505,0.0
0.0,-326.851,0.0
0.0,-327.198,0.0
0.0,-327.544,0.0
0.0,-327.976,0.0
0.0,-328.323,0.0
0.0,-328.669,0.0
0.0,-329.015,0.0
0.0,-329.361,0.0
0.0,-329.794,0.0
0.0,-330.14,0.0
0.0,-330.486,0.0
0.0,-330.833,0.0
0.0,-331.179,0.0
0.0,-331.525,0.0
0.0,-331.872,0.0
0.0,-332.304,0.0
0.0,-332.65,0.0
0.0,-332.997,0.0
0.0,-333.343,0.0
0.0,-333.775,0.0
0.0,-334.122,0.0
0.0,-334.468,0.0
0.0,-334.814,0.0
0.0,-335.247,0.0
0.0,-334.942,0.0
0.0,-334.596,0.0
0.0,-334.249,0.0
0.0,-333.903,0.0
0.0,-333.471,0.0
0.0,-333.124,0.0
0.0,-332.778,0.0
0.0,-332.432,0.0
0.0,-331.999,0.0
0.0,-331.653,0.0
0.0,-331.307,0.0
0.0,-330.961,0.0
0.0,-330.614,0.0
0.0,-330.182,0.0
0.0,-329.836,0.0
0.0,-329.489,0.0
0.0,-329.143,0.0
0.0,-328.711,0.0
0.0,-328.364,0.0
0.0,-328.018,0.0
0.0,-327.672,0.0
0.0,-327.325,0.0
0.0,-326.893,0.0
0.0,-326.547,0.0
0.0,-326.2,0.0
0.0,-325.854,0.0
0.0,-325.422,0.0
0.0,0.0,0.0
0.0,0.0,0.0
-11.051,0.0,0.0
-10.617,0.0,0.0
-10.271,0.0,0.0
-9.925,0.0,0.0
-9.579,0.0,0.0
-9.146,0.0,0.0
-8.8,0.0,0.0
-8.453,0.0,0.0
-8.021,0.0,0.0
-7.675,0.0,0.0
-7.329,0.0,0.0
-6.982,0.0,0.0
-6.636,0.0,0.0
-6.203,0.0,0.0
-5.857,0.0,0.0
-5.511,0.0,0.0
-5.165,0.0,0.0
-4.818,0.0,0.0
-4.472,0.0,0.0
-4.04,0.0,0.0
-3.693,0.0,0.0
-3.347,0.0,0.0
-2.915,0.0,0.0
-2.568,0.0,0.0
-2.222,0.0,0.0
-1.876,0.0,0.0
-1.443,0.0,0.0
-1.356,0.0,0.0
-1.702,0.0,0.0
-2.135,0.0,0.0
-2.481,0.0,0.0
-2.827,0.0,0.0
-3.174,0.0,0.0
-3.606,0.0,0.0
-3.952,0.0,0.0
-4.299,0.0,0.0
-4.645,0.0,0.0
-4.991,0.0,0.0
-5.424,0.0,0.0
-5.77,0.0,0.0
-6.116,0.0,0.0
-6.463,0.0,0.0
-6.809,0.0,0.0
-7.241,0.0,0.0
-7.588,0.0,0.0
-7.934,0.0,0.0
-8.28,0.0,0.0
-8.626,0.0,0.0
-9.059,0.0,0.0
-9.405,0.0,0.0
-9.751,0.0,0.0
-9.801,0.0,0.0
-9.369,0.0,0.0
-9.023,0.0,0.0
-8.676,0.0,0.0
-8.33,0.0,0.0
-7.984,0.0,0.0
-7.551,0.0,0.0
-7.205,0.0,0.0
-6.859,0.0,0.0
-6.512,0.0,0.0
-6.08,0.0,0.0
-5.734,0.0,0.0
-5.388,0.0,0.0
-4.955,0.0,0.0
-4.609,0.0,0.0
-4.263,0.0,0.0
-3.916,0.0,0.0
-3.57,0.0,0.0
-3.138,0.0,0.0
-2.791,0.0,0.0
-2.445,0.0,0.0
-2.012,0.0,0.0
-1.666,0.0,0.0
-1.32,0.0,0.0
-0.974,0.0,0.0
-0.541,0.0,0.0
-0.195,0.0,0.0
0.0,0.0,-0.128
0.0,0.0,-2.553
0.0,0.0,-5.324
0.0,0.0,-8.094
0.0,0.0,-11.553
0.0,0.0,-14.324
0.0,0.0,-17.094
0.0,0.0,-19.225
0.0,0.0,-18.879
0.0,0.0,-18.533
0.0,0.0,-18.1
0.0,0.0,-17.754
0.0,0.0,-17.408
0.0,0.0,-17.061
0.0,0.0,-16.629
0.0,0.0,-16.283
0.0,0.0,-15.936
0.0,0.0,-15.59
0.0,0.0,-15.244
0.0,0.0,-14.811
0.0,0.0,-14.465
0.0,0.0,-14.119
0.0,0.0,-13.772
0.0,0.0,-13.34
0.0,0.0,-12.994
0.0,0.0,-12.647
0.0,0.0,-12.301
0.0,0.0,-11.869
0.0,0.0,-11.522
0.0,0.0,-11.176
0.0,0.0,-10.83
0.0,0.0,-10.484
0.0,0.0,-10.051
0.0,0.0,-9.705
0.0,0.0,-9.359
0.0,0.0,-9.012
0.0,0.0,-8.666
0.0,0.0,-8.234
0.0,0.0,-7.887
0.0,0.0,-7.541
0.0,0.0,-7.195
0.0,0.0,-6.762
0.0,0.0,-6.416
0.0,0.0,-6.07
0.0,0.0,-5.723
0.0,0.0,-5.377
0.0,0.0,-5.031
0.0,0.0,-4.598
0.0,0.0,-4.252
0.0,0.0,-3.906
0.0,0.0,-3.56
0.0,0.0,-3.127
0.0,0.0,-2.781
0.0,0.0,-2.435
0.0,0.0,-2.088
0.0,0.0,-1.656
0.0,0.0,-1.31
0.0,0.0,-0.963
0.0,0.0,-0.617
0.0,0.0,-0.352
0.0,0.0,-0.699
0.0,0.0,-1.045
0.0,0.0,-1.391
0.0,0.0,-1.824
0.0,0.0,-2.17
0.0,0.0,-2.516
0.0,0.0,-2.863
0.0,0.0,-3.295
0.0,0.0,-3.641
0.0,0.0,-3.988
0.0,0.0,-4.334
0.0,0.0,-4.68
0.0,0.0,-5.113
0.0,0.0,-5.459
0.0,0.0,-5.805
0.0,0.0,-6.151
0.0,0.0,-6.584
0.0,0.0,-6.93
0.0,0.0,-7.276
0.0,0.0,-7.623
0.0,0.0,-8.055
0.0,0.0,-8.401
0.0,0.0,-8.748
0.0,0.0,-9.094
0.0,0.0,-9.44
0.0,0.0,-9.873
0.0,0.0,-10.219
0.0,0.0,-10.565
0.0,0.0,-10.998
0.0,0.0,-11.344
0.0,0.0,-11.69
0.0,0.0,-12.123
0.0,0.0,-12.469
0.0,0.0,-12.815
0.0,0.0,-13.162
0.0,0.0,-13.508
0.0,0.0,-13.94
0.0,0.0,-14.287
0.0,0.0,-14.633
0.0,0.0,-14.979
0.0,0.0,-15.325
0.0,0.0,-15.672
0.0,0.0,-16.104
0.0,0.0,-16.45
0.0,0.0,-16.797
0.0,0.0,-17.143
0.0,0.0,-17.489
0.0,0.0,-17.836
0.0,0.0,-18.268
0.0,0.0,-18.614
0.0,0.0,-18.961
0.0,0.0,-18.58
0.0,0.0,-18.234
0.0,0.0,-17.887
0.0,0.0,-17.541
0.0,0.0,-17.195
0.0,0.0,-16.762
0.0,0.0,-16.416
0.0,0.0,-15.984
0.0,0.0,-15.637
0.0,0.0,-15.291
0.0,0.0,-14.945
0.0,0.0,-14.599
0.0,0.0,-14.252
0.0,0.0,-13.82
0.0,0.0,-13.473
0.0,0.0,-13.127
0.0,0.0,-12.695
0.0,0.0,-12.349
0.0,0.0,-12.002
0.0,0.0,-11.656
0.0,0.0,-11.31
0.0,0.0,-10.877
0.0,0.0,-10.531
0.0,0.0,-10.185
0.0,0.0,-9.838
0.0,0.0,-9.406
0.0,0.0,-9.06
0.0,0.0,-8.713
0.0,0.0,-8.367
0.0,0.0,-8.021
0.0,0.0,-7.588
0.0,0.0,-7.242
0.0,0.0,-6.896
0.0,0.0,-6.549
0.0,0.0,-6.117
0.0,0.0,-5.771
0.0,0.0,-5.425
0.0,0.0,-4.992
0.0,0.0,-4.646
0.0,0.0,-4.299
0.0,0.0,-3.953
0.0,0.0,-3.521
0.0,0.0,-3.175
0.0,0.0,-2.828
0.0,0.0,-2.396
0.0,0.0,-2.049
0.0,0.0,-1.703
0.0,0.0,-1.357
0.0,0.0,-1.011
0.0,0.0,-0.664
0.0,0.0,-0.232
0.0,-0.129,0.0
0.0,-2.894,0.0
0.0,-6.31,0.0
0.0,-9.727,0.0
0.0,-13.994,0.0
0.0,-17.411,0.0
0.0,-20.827,0.0
0.0,-25.094,0.0
0.0,-28.51,0.0
0.0,-31.927,0.0
0.0,-35.344,0.0
0.0,-39.611,0.0
0.0,-43.027,0.0
0.0,-46.444,0.0
0.0,-49.86,0.0
0.0,-53.277,0.0
0.0,-57.544,0.0
0.0,-60.96,0.0
0.0,-64.377,0.0
0.0,-67.794,0.0
0.0,-72.06,0.0
0.0,-75.477,0.0
0.0,-78.894,0.0
0.0,-82.31,0.0
0.0,-85.727,0.0
0.0,-89.994,0.0
0.0,-93.411,0.0
0.0,-96.827,0.0
0.0,-100.244,0.0
0.0,-104.51,0.0
0.0,-107.927,0.0
0.0,-111.344,0.0
0.0,-114.76,0.0
0.0,-119.027,0.0
0.0,-122.444,0.0
0.0,-125.86,0.0
0.0,-129.277,0.0
0.0,-132.694,0.0
0.0,-136.96,0.0
0.0,-140.377,0.0
0.0,-143.794,0.0
0.0,-147.21,0.0
0.0,-151.477,0.0
0.0,-154.894,0.0
0.0,-158.31,0.0
0.0,-161.727,0.0
0.0,-165.994,0.0
0.0,-169.41,0.0
0.0,-172.827,0.0
0.0,-176.244,0.0
0.0,-179.66,0.0
0.0,-183.927,0.0
0.0,-187.344,0.0
0.0,-190.76,0.0
0.0,-194.177,0.0
0.0,-198.444,0.0
0.0,-201.86,0.0
0.0,-205.277,0.0
0.0,-209.544,0.0
0.0,-212.96,0.0
0.0,-216.377,0.0
0.0,-219.794,0.0
0.0,-223.211,0.0
0.0,-227.477,0.0
0.0,-230.894,0.0
0.0,-234.31,0.0
0.0,-237.727,0.0
0.0,-241.994,0.0
0.0,-245.411,0.0
0.0,-248.827,0.0
0.0,-253.094,0.0
0.0,-256.51,0.0
0.0,-259.927,0.0
0.0,-264.194,0.0
0.0,-267.611,0.0
0.0,-271.027,0.0
0.0,-274.444,0.0
0.0,-278.71,0.0
0.0,-282.127,0.0
0.0,-285.544,0.0
0.0,-288.96,0.0
0.0,-292.377,0.0
0.0,-296.644,0.0
0.0,-300.06,0.0
0.0,-303.477,0.0
0.0,-307.744,0.0
0.0,-311.16,0.0
0.0,-314.577,0.0
0.0,-317.994,0.0
0.0,-322.26,0.0
0.0,-325.677,0.0
0.0,-329.094,0.0
0.0,-333.36,0.0
0.0,-336.777,0.0
0.0,-340.194,0.0
0.0,-344.46,0.0
0.0,-347.877,0.0
0.0,-351.294,0.0
0.0,-354.71,0.0
0.0,-358.977,0.0
0.0,-362.394,0.0
0.0,-365.81,0.0
0.0,-369.227,0.0
0.0,-372.644,0.0
0.0,-376.91,0.0
0.0,-380.327,0.0
0.0,-382.052,0.0
0.0,-381.705,0.0
0.0,-381.273,0.0
0.0,-380.927,0.0
0.0,-380.58,0.0
0.0,-380.234,0.0
0.0,-379.888,0.0
0.0,-379.455,0.0
0.0,-379.109,0.0
0.0,-378.763,0.0
0.0,-378.417,0.0
0.0,-377.984,0.0
0.0,-377.638,0.0
0.0,-377.292,0.0
0.0,-376.945,0.0
0.0,-376.513,0.0
0.0,-376.167,0.0
0.0,-375.82,0.0
0.0,-375.474,0.0
0.0,-375.128,0.0
0.0,-374.695,0.0
0.0,-374.349,0.0
0.0,-374.003,0.0
0.0,-373.656,0.0
0.0,-373.224,0.0
0.0,-372.878,0.0
0.0,-372.531,0.0
0.0,-372.195,0.0
0.0,-372.52,0.0
0.0,-372.953,0.0
0.0,-373.299,0.0
0.0,-373.645,0.0
0.0,-373.992,0.0
0.0,-374.424,0.0
0.0,-374.77,0.0
0.0,-375.117,0.0
0.0,-375.549,0.0
0.0,-375.895,0.0
0.0,-376.242,0.0
0.0,-376.588,0.0
0.0,-377.02,0.0
0.0,-377.367,0.0
0.0,-377.713,0.0
0.0,-378.145,0.0
0.0,-378.492,0.0
0.0,-378.838,0.0
0.0,-379.184,0.0
0.0,-379.531,0.0
0.0,-379.877,0.0
0.0,-380.309,0.0
0.0,-380.655,0.0
0.0,-381.002,0.0
0.0,-381.348,0.0
0.0,-381.694,0.0
0.0,-381.53,0.0
0.0,-381.184,0.0
0.0,-380.837,0.0
0.0,-380.491,0.0
0.0,-380.059,0.0
0.0,-379.712,0.0
0.0,-379.366,0.0
0.0,-379.02,0.0
0.0,-378.587,0.0
0.0,-378.241,0.0
0.0,-377.895,0.0
0.0,-377.548,0.0
0.0,-377.202,0.0
0.0,-376.77,0.0
0.0,-376.423,0.0
0.0,-376.077,0.0
0.0,-375.731,0.0
0.0,-375.298,0.0
0.0,-374.952,0.0
0.0,-374.606,0.0
0.0,-374.26,0.0
0.0,-373.913,0.0
0.0,-373.567,0.0
0.0,-373.135,0.0
0.0,-372.788,0.0
0.0,-372.442,0.0
0.0,-372.096,0.0
0.0,0.0,0.0
0.0,0.0,0.0
-11.251,297.0,0.0
-10.819,297.0,0.0
-10.473,297.0,0.0
-10.04,297.0,0.0
-9.694,297.0,0.0
-9.348,297.0,0.0
-9.001,297.0,0.0
-8.569,297.0,0.0
-8.223,297.0,0.0
-7.876,297.0,0.0
-7.53,297.0,0.0
-7.098,297.0,0.0
-6.751,297.0,0.0
-6.405,297.0,0.0
-5.973,297.0,0.0
-5.626,297.0,0.0
-5.28,297.0,0.0
-4.934,297.0,0.0
-4.588,297.0,0.0
-4.155,297.0,0.0
-3.809,297.0,0.0
-3.463,297.0,0.0
-3.116,297.0,0.0
-2.684,297.0,0.0
-2.338,297.0,0.0
-1.991,297.0,0.0
-1.559,297.0,0.0
-1.597,297.0,0.0
-1.943,297.0,0.0
-2.375,297.0,0.0
-2.722,297.0,0.0
-3.068,297.0,0.0
-3.414,297.0,0.0
-3.76,297.0,0.0
-4.107,297.0,0.0
-4.539,297.0,0.0
-4.885,297.0,0.0
-5.232,297.0,0.0
-5.664,297.0,0.0
-6.01,297.0,0.0
-6.357,297.0,0.0
-6.703,297.0,0.0
-7.049,297.0,0.0
-7.482,297.0,0.0
-7.828,297.0,0.0
-8.174,297.0,0.0
-8.521,297.0,0.0
-8.953,297.0,0.0
-9.299,297.0,0.0
-9.646,297.0,0.0
-9.951,297.0,0.0
-9.604,297.0,0.0
-9.258,297.0,0.0
-8.912,297.0,0.0
-8.479,297.0,0.0
-8.133,297.0,0.0
-7.787,297.0,0.0
-7.441,297.0,0.0
-7.008,297.0,0.0
-6.662,297.0,0.0
-6.316,297.0,0.0
-5.969,297.0,0.0
-5.623,297.0,0.0
-5.191,297.0,0.0
-4.758,297.0,0.0
-4.412,297.0,0.0
-4.066,297.0,0.0
-3.633,297.0,0.0
-3.287,297.0,0.0
-2.941,297.0,0.0
-2.594,297.0,0.0
-2.248,297.0,0.0
-1.816,297.0,0.0
-1.469,297.0,0.0
-1.123,297.0,0.0
-0.777,297.0,0.0
-0.344,297.0,0.0
-0.008,297.0,0.0
0.0,297.0,-1.851
0.0,297.0,-4.621
0.0,297.0,-7.392
0.0,297.0,-10.851
0.0,297.0,-13.622
0.0,297.0,-16.392
0.0,297.0,-19.162
0.0,297.0,-18.866
0.0,297.0,-18.52
0.0,297.0,-18.173
0.0,297.0,-17.827
0.0,297.0,-17.136
0.0,297.0,-16.79
0.0,297.0,-16.443
0.0,297.0,-16.097
0.0,297.0,-15.665
0.0,297.0,-15.319
0.0,297.0,-14.714
0.0,297.0,-14.367
0.0,297.0,-14.021
0.0,297.0,-13.675
0.0,297.0,-13.243
0.0,297.0,-12.896
0.0,297.0,-12.55
0.0,297.0,-12.204
0.0,297.0,-11.771
0.0,297.0,-11.425
0.0,297.0,-11.079
0.0,297.0,-10.732
0.0,297.0,-10.386
0.0,297.0,-9.954
0.0,297.0,-9.607
0.0,297.0,-9.261
0.0,297.0,-8.915
0.0,297.0,-8.569
0.0,297.0,-8.136
0.0,297.0,-7.79
0.0,297.0,-7.443
0.0,297.0,-7.097
0.0,297.0,-6.751
0.0,297.0,-6.319
0.0,297.0,-5.972
0.0,297.0,-5.626
0.0,297.0,-5.28
0.0,297.0,-4.847
0.0,297.0,-4.501
0.0,297.0,-4.155
0.0,297.0,-3.808
0.0,297.0,-3.462
0.0,297.0,-3.116
0.0,297.0,-2.683
0.0,297.0,-2.337
0.0,297.0,-1.991
0.0,297.0,-1.645
0.0,297.0,-1.298
0.0,297.0,-0.866
0.0,297.0,-0.52
0.0,297.0,-0.338
0.0,297.0,-0.684
0.0,297.0,-1.116
0.0,297.0,-1.463
0.0,297.0,-1.809
0.0,297.0,-2.155
0.0,297.0,-2.588
0.0,297.0,-2.934
0.0,297.0,-3.28
0.0,297.0,-3.627
0.0,297.0,-3.973
0.0,297.0,-4.405
0.0,297.0,-4.752
0.0,297.0,-5.098
0.0,297.0,-5.444
0.0,297.0,-5.877
0.0,297.0,-6.223
0.0,297.0,-6.569
0.0,297.0,-7.002
0.0,297.0,-7.348
0.0,297.0,-7.694
0.0,297.0,-8.04
0.0,297.0,-8.387
0.0,297.0,-8.819
0.0,297.0,-9.166
0.0,297.0,-9.512
0.0,297.0,-9.858
0.0,297.0,-10.29
0.0,297.0,-10.637
0.0,297.0,-10.983
0.0,297.0,-11.329
0.0,297.0,-11.762
0.0,297.0,-12.108
0.0,297.0,-12.454
0.0,297.0,-12.887
0.0,297.0,-13.233
0.0,297.0,-13.579
0.0,297.0,-13.926
0.0,297.0,-14.272
0.0,297.0,-14.704
0.0,297.0,-15.051
0.0,297.0,-15.397
0.0,297.0,-15.743
0.0,297.0,-16.176
0.0,297.0,-16.522
0.0,297.0,-16.868
0.0,297.0,-17.214
0.0,297.0,-17.647
0.0,297.0,-17.993
0.0,297.0,-18.339
0.0,297.0,-18.772
0.0,297.0,-18.883
0.0,297.0,-18.536
0.0,297.0,-18.104
0.0,297.0,-17.758
0.0,297.0,-17.411
0.0,297.0,-17.065
0.0,297.0,-16.719
0.0,297.0,-16.286
0.0,297.0,-15.94
0.0,297.0,-15.594
0.0,297.0,-15.161
0.0,297.0,-14.815
0.0,297.0,-14.469
0.0,297.0,-14.123
0.0,297.0,-13.69
0.0,297.0,-13.344
0.0,297.0,-12.998
0.0,297.0,-12.565
0.0,297.0,-12.219
0.0,297.0,-11.873
0.0,297.0,-11.526
0.0,297.0,-11.18
0.0,297.0,-10.748
0.0,297.0,-10.401
0.0,297.0,-10.055
0.0,297.0,-9.709
0.0,297.0,-9.276
0.0,297.0,-8.93
0.0,297.0,-8.584
0.0,297.0,-8.237
0.0,297.0,-7.805
0.0,297.0,-7.459
0.0,297.0,-7.112
0.0,297.0,-6.766
0.0,297.0,-6.42
0.0,297.0,-5.987
0.0,297.0,-5.641
0.0,297.0,-5.295
0.0,297.0,-4.949
0.0,297.0,-4.516
0.0,297.0,-4.17
0.0,297.0,-3.824
0.0,297.0,-3.477
0.0,297.0,-3.045
0.0,297.0,-2.699
0.0,297.0,-2.352
0.0,297.0,-2.006
0.0,297.0,-1.66
0.0,297.0,-1.227
0.0,297.0,-0.881
0.0,297.0,-0.535
0.0,297.0,-0.188
0.0,296.475,0.0
0.0,293.256,0.0
0.0,288.989,0.0
0.0,285.573,0.0
0.0,282.156,0.0
0.0,278.74,0.0
0.0,274.473,0.0
0.0,271.056,0.0
0.0,267.639,0.0
0.0,264.223,0.0
0.0,259.956,0.0
0.0,256.54,0.0
0.0,253.122,0.0
0.0,249.706,0.0
0.0,245.439,0.0
0.0,242.023,0.0
0.0,238.606,0.0
0.0,235.189,0.0
0.0,230.922,0.0
0.0,227.506,0.0
0.0,224.089,0.0
0.0,220.673,0.0
0.0,217.256,0.0
0.0,212.989,0.0
0.0,209.573,0.0
0.0,206.156,0.0
0.0,201.889,0.0
0.0,198.473,0.0
0.0,195.056,0.0
0.0,191.639,0.0
0.0,188.223,0.0
0.0,184.806,0.0
0.0,180.54,0.0
0.0,177.122,0.0
0.0,173.706,0.0
0.0,170.289,0.0
0.0,166.023,0.0
0.0,162.606,0.0
0.0,159.189,0.0
0.0,154.922,0.0
0.0,151.506,0.0
0.0,148.089,0.0
0.0,144.673,0.0
0.0,141.256,0.0
0.0,137.839,0.0
0.0,133.573,0.0
0.0,130.156,0.0
0.0,126.74,0.0
0.0,122.473,0.0
0.0,119.056,0.0
0.0,115.639,0.0
0.0,112.223,0.0
0.0,107.956,0.0
0.0,104.54,0.0
0.0,101.122,0.0
0.0,97.706,0.0
0.0,94.289,0.0
0.0,90.023,0.0
0.0,86.606,0.0
0.0,83.189,0.0
0.0,79.773,0.0
0.0,75.506,0.0
0.0,72.089,0.0
0.0,68.673,0.0
0.0,65.256,0.0
0.0,60.989,0.0
0.0,57.573,0.0
0.0,54.156,0.0
0.0,50.74,0.0
0.0,47.323,0.0
0.0,43.056,0.0
0.0,39.639,0.0
0.0,36.223,0.0
0.0,32.806,0.0
0.0,28.54,0.0
0.0,25.123,0.0
0.0,21.706,0.0
0.0,17.439,0.0
0.0,14.023,0.0
0.0,10.606,0.0
0.0,7.189,0.0
0.0,3.773,0.0
0.0,-0.494,0.0
0.0,-3.911,0.0
0.0,-7.327,0.0
0.0,-10.355,0.0
0.0,-9.922,0.0
0.0,-9.576,0.0
0.0,-9.23,0.0
0.0,-8.883,0.0
0.0,-8.451,0.0
0.0,-8.105,0.0
0.0,-7.758,0.0
0.0,-7.412,0.0
0.0,-6.98,0.0
0.0,-6.633,0.0
0.0,-6.287,0.0
0.0,-5.941,0.0
0.0,-5.508,0.0
0.0,-5.162,0.0
0.0,-4.816,0.0
0.0,-4.47,0.0
0.0,-4.037,0.0
0.0,-3.691,0.0
0.0,-3.345,0.0
0.0,-2.998,0.0
0.0,-2.652,0.0
0.0,-2.22,0.0
0.0,-1.873,0.0
0.0,-1.527,0.0
0.0,-1.181,0.0
0.0,-0.748,0.0
0.0,-0.402,0.0
0.0,-0.67,0.0
0.0,-1.102,0.0
0.0,-1.448,0.0
0.0,-1.795,0.0
0.0,-2.141,0.0
0.0,-2.487,0.0
0.0,-2.833,0.0
0.0,-3.266,0.0
0.0,-3.612,0.0
0.0,-3.958,0.0
0.0,-4.305,0.0
0.0,-4.737,0.0
0.0,-5.083,0.0
0.0,-5.43,0.0
0.0,-5.776,0.0
0.0,-6.208,0.0
0.0,-6.555,0.0
0.0,-6.901,0.0
0.0,-7.247,0.0
0.0,-7.68,0.0
0.0,-8.026,0.0
0.0,-8.372,0.0
0.0,-8.719,0.0
0.0,-9.151,0.0
0.0,-9.497,0.0
0.0,-9.844,0.0
0.0,-9.826,0.0
0.0,-9.394,0.0
0.0,-9.048,0.0
0.0,-8.702,0.0
0.0,-8.355,0.0
0.0,-8.009,0.0
0.0,-7.576,0.0
0.0,-7.23,0.0
0.0,-6.884,0.0
0.0,-6.452,0.0
0.0,-6.105,0.0
0.0,-5.759,0.0
0.0,-5.413,0.0
0.0,-4.98,0.0
0.0,-4.634,0.0
0.0,-4.288,0.0
0.0,-3.941,0.0
0.0,-3.509,0.0
0.0,-3.163,0.0
0.0,-2.816,0.0
0.0,-2.47,0.0
0.0,-2.124,0.0
0.0,-1.691,0.0
0.0,-1.345,0.0
0.0,-0.999,0.0
0.0,-0.653,0.0
0.0,-0.22,0.0
0.0,0.0,0.0
0.0,0.0,0.0
-11.108,297.0,0.0
-10.761,297.0,0.0
-10.329,297.0,0.0
-9.983,297.0,0.0
-9.636,297.0,0.0
-9.29,297.0,0.0
-8.858,297.0,0.0
-8.511,297.0,0.0
-8.165,297.0,0.0
-7.733,297.0,0.0
-7.386,297.0,0.0
-7.04,297.0,0.0
-6.694,297.0,0.0
-6.347,297.0,0.0
-5.915,297.0,0.0
-5.569,297.0,0.0
-5.222,297.0,0.0
-4.876,297.0,0.0
-4.444,297.0,0.0
-4.097,297.0,0.0
-3.751,297.0,0.0
-3.319,297.0,0.0
-2.972,297.0,0.0
-2.626,297.0,0.0
-2.28,297.0,0.0
-1.934,297.0,0.0
-1.501,297.0,0.0
-1.38,297.0,0.0
-1.727,297.0,0.0
-2.073,297.0,0.0
-2.505,297.0,0.0
-2.852,297.0,0.0
-3.198,297.0,0.0
-3.63,297.0,0.0
-3.977,297.0,0.0
-4.323,297.0,0.0
-4.669,297.0,0.0
-5.102,297.0,0.0
-5.448,297.0,0.0
-5.794,297.0,0.0
-6.14,297.0,0.0
-6.487,297.0,0.0
-6.919,297.0,0.0
-7.266,297.0,0.0
-7.612,297.0,0.0
-7.958,297.0,0.0
-8.39,297.0,0.0
-8.737,297.0,0.0
-9.083,297.0,0.0
-9.429,297.0,0.0
-9.862,297.0,0.0
-9.834,297.0,0.0
-9.488,297.0,0.0
-9.142,297.0,0.0
-8.709,297.0,0.0
-8.363,297.0,0.0
-8.017,297.0,0.0
-7.671,297.0,0.0
-7.238,297.0,0.0
-6.892,297.0,0.0
-6.546,297.0,0.0
-6.199,297.0,0.0
-5.767,297.0,0.0
-5.421,297.0,0.0
-5.074,297.0,0.0
-4.728,297.0,0.0
-4.382,297.0,0.0
-4.035,297.0,0.0
-3.603,297.0,0.0
-3.257,297.0,0.0
-2.91,297.0,0.0
-2.564,297.0,0.0
-2.218,297.0,0.0
-1.872,297.0,0.0
-1.439,297.0,0.0
-1.093,297.0,0.0
-0.661,297.0,0.0
-0.314,297.0,0.0
0.0,297.0,-0.128
0.0,297.0,-2.554
0.0,297.0,-5.324
0.0,297.0,-8.094
0.0,297.0,-10.864
0.0,297.0,-14.324
0.0,297.0,-17.094
0.0,297.0,-19.24
0.0,297.0,-18.894
0.0,297.0,-18.461
0.0,297.0,-18.115
0.0,297.0,-17.769
0.0,297.0,-17.422
0.0,297.0,-17.076
0.0,297.0,-16.644
0.0,297.0,-16.297
0.0,297.0,-15.951
0.0,297.0,-15.519
0.0,297.0,-15.172
0.0,297.0,-14.826
0.0,297.0,-14.48
0.0,297.0,-14.047
0.0,297.0,-13.701
0.0,297.0,-13.355
0.0,297.0,-13.008
0.0,297.0,-12.576
0.0,297.0,-12.23
0.0,297.0,-11.797
0.0,297.0,-11.451
0.0,297.0,-11.105
0.0,297.0,-10.672
0.0,297.0,-10.326
0.0,297.0,-9.98
0.0,297.0,-9.547
0.0,297.0,-9.201
0.0,297.0,-8.855
0.0,297.0,-8.508
0.0,297.0,-8.076
0.0,297.0,-7.73
0.0,297.0,-7.383
0.0,297.0,-6.951
0.0,297.0,-6.605
0.0,297.0,-6.258
0.0,297.0,-5.912
0.0,297.0,-5.48
0.0,297.0,-5.133
0.0,297.0,-4.787
0.0,297.0,-4.441
0.0,297.0,-4.008
0.0,297.0,-3.662
0.0,297.0,-3.316
0.0,297.0,-2.97
0.0,297.0,-2.537
0.0,297.0,-2.191
0.0,297.0,-1.845
0.0,297.0,-1.498
0.0,297.0,-1.066
0.0,297.0,-0.72
0.0,297.0,-0.373
0.0,297.0,-0.296
0.0,297.0,-0.296
0.0,296.475,-0.296
0.0,293.257,-0.296
0.0,288.99,-0.296
0.0,285.573,-0.296
0.0,282.156,-0.296
0.0,278.74,-0.296
0.0,274.473,-0.296
0.0,271.057,-0.296
0.0,267.64,-0.296
0.0,264.223,-0.296
0.0,260.806,-0.296
0.0,256.54,-0.296
0.0,253.123,-0.296
0.0,249.706,-0.296
0.0,246.29,-0.296
0.0,242.873,-0.296
0.0,239.457,-0.296
0.0,235.19,-0.296
0.0,231.773,-0.296
0.0,227.506,-0.296
0.0,224.09,-0.296
0.0,220.673,-0.296
0.0,217.257,-0.296
0.0,212.99,-0.296
0.0,209.573,-0.296
0.0,206.156,-0.296
0.0,201.89,-0.296
0.0,198.473,-0.296
0.0,194.206,-0.296
0.0,190.79,-0.296
0.0,186.523,-0.296
0.0,183.106,-0.296
0.0,179.69,-0.296
0.0,175.423,-0.296
0.0,172.006,-0.296
0.0,168.59,-0.296
0.0,165.173,-0.296
0.0,160.906,-0.296
0.0,157.49,-0.296
0.0,154.073,-0.296
0.0,149.806,-0.296
0.0,146.39,-0.296
0.0,142.973,-0.296
0.0,138.706,-0.296
0.0,135.29,-0.296
0.0,131.873,-0.296
0.0,128.457,-0.296
0.0,125.04,-0.296
0.0,121.623,-0.296
0.0,117.356,-0.296
0.0,113.94,-0.296
0.0,110.523,-0.296
0.0,106.257,-0.296
0.0,102.84,-0.296
0.0,99.423,-0.296
0.0,96.006,-0.296
0.0,91.74,-0.296
0.0,88.323,-0.296
0.0,84.906,-0.296
-10.596,0.0,0.0
-10.248,0.0,0.0
-9.815,0.0,0.0
-9.469,0.0,0.0
-9.123,0.0,0.0
-8.777,0.0,0.0
-8.43,0.0,0.0
-7.998,0.0,0.0
-7.652,0.0,0.0
-7.305,0.0,0.0
-6.959,0.0,0.0
-6.527,0.0,0.0
-6.18,0.0,0.0
-5.834,0.0,0.0
-5.402,0.0,0.0
-5.055,0.0,0.0
-4.709,0.0,0.0
-4.363,0.0,0.0
-3.93,0.0,0.0
-3.584,0.0,0.0
-3.238,0.0,0.0
-2.891,0.0,0.0
-2.545,0.0,0.0
-2.113,0.0,0.0
-1.766,0.0,0.0
-1.42,0.0,0.0
-1.074,0.0,0.0
-1.002,0.0,0.0
-1.348,0.0,0.0
-1.694,0.0,0.0
-2.041,0.0,0.0
-2.387,0.0,0.0
-2.733,0.0,0.0
-3.166,0.0,0.0
-3.512,0.0,0.0
-3.858,0.0,0.0
-4.204,0.0,0.0
-4.637,0.0,0.0
-4.983,0.0,0.0
-5.329,0.0,0.0
-5.762,0.0,0.0
-6.108,0.0,0.0
-6.455,0.0,0.0
-6.801,0.0,0.0
-7.147,0.0,0.0
-7.579,0.0,0.0
-7.926,0.0,0.0
-8.272,0.0,0.0
-8.618,0.0,0.0
-9.051,0.0,0.0
-9.397,0.0,0.0
-9.224,0.0,0.0
-8.878,0.0,0.0
-8.531,0.0,0.0
-8.099,0.0,0.0
-7.753,0.0,0.0
-7.406,0.0,0.0
-6.974,0.0,0.0
-6.628,0.0,0.0
-6.281,0.0,0.0
-5.935,0.0,0.0
-5.503,0.0,0.0
-5.156,0.0,0.0
-4.81,0.0,0.0
-4.464,0.0,0.0
-4.031,0.0,0.0
-3.685,0.0,0.0
-3.339,0.0,0.0
-2.992,0.0,0.0
-2.646,0.0,0.0
-2.214,0.0,0.0
-1.867,0.0,0.0
-1.521,0.0,0.0
-1.175,0.0,0.0
-0.742,0.0,0.0
-0.396,0.0,0.0
-0.05,0.0,0.0
0.296,0.0,0.0
0.0,0.0,0.157
0.0,0.0,0.503
0.0,0.0,0.849
0.0,0.0,1.195
0.0,0.0,1.628
0.0,0.0,1.974
0.0,0.0,2.321
0.0,0.0,2.667
0.0,0.0,3.099
0.0,0.0,3.445
0.0,0.0,3.792
0.0,0.0,4.138
0.0,0.0,4.484
0.0,0.0,4.917
0.0,0.0,5.263
0.0,0.0,5.609
0.0,0.0,5.956
0.0,0.0,6.388
0.0,0.0,6.734
0.0,0.0,7.081
0.0,0.0,7.427
0.0,0.0,7.773
0.0,0.0,8.206
0.0,0.0,8.552
0.0,0.0,8.898
0.0,0.0,9.244
0.0,0.0,9.677
0.0,0.0,10.023
0.0,0.0,10.369
0.0,0.0,10.716
0.0,0.0,11.148
0.0,0.0,11.494
0.0,0.0,11.841
0.0,0.0,12.187
0.0,0.0,12.533
0.0,0.0,12.966
0.0,0.0,13.312
0.0,0.0,13.658
0.0,0.0,14.005
0.0,0.0,14.437
0.0,0.0,14.783
0.0,0.0,15.13
0.0,0.0,15.476
0.0,0.0,15.822
0.0,0.0,16.255
0.0,0.0,16.601
0.0,0.0,16.947
0.0,0.0,17.293
0.0,0.0,17.726
0.0,0.0,18.072
0.0,0.0,18.418
0.0,0.0,18.765
0.0,0.0,19.0
0.0,0.0,19.0
0.0,-0.128,19.0
0.0,-2.89,19.0
0.0,-6.306,19.0
0.0,-9.723,19.0
0.0,-13.14,19.0
0.0,-16.557,19.0
0.0,-20.823,19.0
0.0,-24.24,19.0
0.0,-27.657,19.0
0.0,-31.073,19.0
0.0,-35.34,19.0
0.0,-38.757,19.0
0.0,-43.023,19.0
0.0,-46.44,19.0
0.0,-49.857,19.0
0.0,-53.273,19.0
0.0,-56.69,19.0
0.0,-60.106,19.0
0.0,-64.373,19.0
0.0,-67.79,19.0
0.0,-71.207,19.0
0.0,-75.473,19.0
0.0,-78.89,19.0
0.0,-82.306,19.0
0.0,-85.724,19.0
0.0,-89.99,19.0
0.0,-93.407,19.0
0.0,-96.823,19.0
0.0,-100.24,19.0
0.0,-104.506,19.0
0.0,-106.487,19.0
0.0,-106.141,19.0
0.0,-105.795,19.0
0.0,-105.448,19.0
0.0,-105.016,19.0
0.0,-104.67,19.0
0.0,-104.323,19.0
0.0,-103.977,19.0
0.0,-103.545,19.0
0.0,-103.198,19.0
0.0,-102.852,19.0
0.0,-102.506,19.0
0.0,-102.073,19.0
0.0,-101.727,19.0
0.0,-101.381,19.0
0.0,-100.948,19.0
0.0,-100.602,19.0
0.0,-100.256,19.0
0.0,-99.91,19.0
0.0,-99.563,19.0
0.0,-99.131,19.0
0.0,-98.785,19.0
0.0,-98.438,19.0
0.0,-98.092,19.0
0.0,-97.66,19.0
0.0,-97.313,19.0
0.0,-96.967,19.0
0.0,-96.621,19.0
0.0,-96.909,19.0
0.0,-97.341,19.0
0.0,-97.687,19.0
0.0,-98.034,19.0
0.0,-98.38,19.0
0.0,-98.813,19.0
0.0,-99.159,19.0
0.0,-99.505,19.0
0.0,-99.851,19.0
0.0,-100.284,19.0
0.0,-100.63,19.0
0.0,-100.976,19.0
0.0,-101.323,19.0
0.0,-101.669,19.0
0.0,-102.101,19.0
0.0,-102.448,19.0
0.0,-102.794,19.0
0.0,-103.226,19.0
0.0,-103.573,19.0
0.0,-103.919,19.0
0.0,-104.265,19.0
0.0,-104.698,19.0
0.0,-105.044,19.0
0.0,-105.39,19.0
0.0,-105.823,19.0
0.0,-106.169,19.0
0.0,-105.945,19.0
0.0,-105.599,19.0
0.0,-105.167,19.0
0.0,-104.82,19.0
0.0,-104.474,19.0
0.0,-104.128,19.0
0.0,-103.782,19.0
0.0,-103.349,19.0
0.0,-103.003,19.0
0.0,-102.657,19.0
0.0,-102.224,19.0
0.0,-101.878,19.0
0.0,-101.532,19.0
0.0,-101.185,19.0
0.0,-100.753,19.0
0.0,-100.407,19.0
0.0,-100.06,19.0
0.0,-99.714,19.0
0.0,-99.368,19.0
0.0,-98.935,19.0
0.0,-98.589,19.0
0.0,-98.243,19.0
0.0,-97.896,19.0
0.0,-97.464,19.0
0.0,-97.118,19.0
0.0,-96.771,19.0
0.0,-96.425,19.0
0.0,0.0,19.0
0.0,0.0,19.0
-11.523,0.0,0.0
-11.175,0.0,0.0
-10.742,0.0,0.0
-10.396,0.0,0.0
-10.05,0.0,0.0
-9.704,0.0,0.0
-9.357,0.0,0.0
-8.925,0.0,0.0
-8.579,0.0,0.0
-8.232,0.0,0.0
-7.886,0.0,0.0
-7.454,0.0,0.0
-7.107,0.0,0.0
-6.761,0.0,0.0
-6.415,0.0,0.0
-6.068,0.0,0.0
-5.636,0.0,0.0
-5.29,0.0,0.0
-4.943,0.0,0.0
-4.597,0.0,0.0
-4.251,0.0,0.0
-3.818,0.0,0.0
-3.472,0.0,0.0
-3.126,0.0,0.0
-2.78,0.0,0.0
-2.433,0.0,0.0
-2.001,0.0,0.0
-1.662,0.0,0.0
-1.983,0.0,0.0
-2.329,0.0,0.0
-2.762,0.0,0.0
-3.108,0.0,0.0
-3.454,0.0,0.0
-3.8,0.0,0.0
-4.233,0.0,0.0
-4.579,0.0,0.0
-4.926,0.0,0.0
-5.272,0.0,0.0
-5.618,0.0,0.0
-6.05,0.0,0.0
-6.397,0.0,0.0
-6.743,0.0,0.0
-7.089,0.0,0.0
-7.522,0.0,0.0
-7.868,0.0,0.0
-8.214,0.0,0.0
-8.561,0.0,0.0
-8.907,0.0,0.0
-9.339,0.0,0.0
-9.686,0.0,0.0
-10.032,0.0,0.0
-10.378,0.0,0.0
-10.047,0.0,0.0
-9.614,0.0,0.0
-9.268,0.0,0.0
-8.922,0.0,0.0
-8.575,0.0,0.0
-8.229,0.0,0.0
-7.797,0.0,0.0
-7.45,0.0,0.0
-7.104,0.0,0.0
-6.758,0.0,0.0
-6.325,0.0,0.0
-5.979,0.0,0.0
-5.633,0.0,0.0
-5.2,0.0,0.0
-4.854,0.0,0.0
-4.508,0.0,0.0
-4.162,0.0,0.0
-3.815,0.0,0.0
-3.383,0.0,0.0
-3.037,0.0,0.0
-2.69,0.0,0.0
-2.344,0.0,0.0
-1.912,0.0,0.0
-1.565,0.0,0.0
-1.219,0.0,0.0
-0.873,0.0,0.0
-0.526,0.0,0.0
0.0,-1.183,0.0
0.0,-4.594,0.0
0.0,-8.01,0.0
0.0,-12.277,0.0
0.0,-15.693,0.0
0.0,-19.11,0.0
0.0,-22.527,0.0
0.0,-25.943,0.0
0.0,-30.21,0.0
0.0,-33.627,0.0
0.0,-37.044,0.0
0.0,-40.46,0.0
0.0,-41.07,0.0
0.0,-40.724,0.0
0.0,-40.377,0.0
0.0,-40.031,0.0
0.0,-39.685,0.0
0.0,-39.252,0.0
0.0,-38.906,0.0
0.0,-38.56,0.0
0.0,-38.213,0.0
0.0,-37.781,0.0
0.0,-37.435,0.0
0.0,-37.088,0.0
0.0,-36.656,0.0
0.0,-36.31,0.0
0.0,-35.963,0.0
0.0,-35.617,0.0
0.0,-35.185,0.0
0.0,-34.838,0.0
0.0,-34.492,0.0
0.0,-34.146,0.0
0.0,-33.8,0.0
0.0,-33.367,0.0
0.0,-33.021,0.0
0.0,-32.675,0.0
0.0,-32.328,0.0
0.0,-31.896,0.0
0.0,-31.55,0.0
0.0,-31.554,0.0
0.0,-31.9,0.0
0.0,-32.333,0.0
0.0,-32.679,0.0
0.0,-33.025,0.0
0.0,-33.371,0.0
0.0,-33.718,0.0
0.0,-34.15,0.0
0.0,-34.496,0.0
0.0,-34.843,0.0
0.0,-35.275,0.0
0.0,-35.621,0.0
0.0,-35.968,0.0
0.0,-36.314,0.0
0.0,-36.746,0.0
0.0,-37.093,0.0
0.0,-37.439,0.0
0.0,-37.785,0.0
0.0,-38.132,0.0
0.0,-38.564,0.0
0.0,-38.91,0.0
0.0,-39.257,0.0
0.0,-39.603,0.0
0.0,-40.035,0.0
0.0,-40.382,0.0
0.0,-40.728,0.0
0.0,-40.997,0.0
0.0,-40.565,0.0
0.0,-40.218,0.0
0.0,-39.872,0.0
0.0,-39.526,0.0
0.0,-39.18,0.0
0.0,-38.747,0.0
0.0,-38.401,0.0
0.0,-38.055,0.0
0.0,-37.708,0.0
0.0,-37.276,0.0
0.0,-36.93,0.0
0.0,-36.583,0.0
0.0,-36.151,0.0
0.0,-35.805,0.0
0.0,-35.458,0.0
0.0,-35.112,0.0
0.0,-34.766,0.0
0.0,-34.333,0.0
0.0,-33.987,0.0
0.0,-33.641,0.0
0.0,-33.294,0.0
0.0,-32.862,0.0
0.0,-32.516,0.0
0.0,-32.169,0.0
0.0,-31.823,0.0
0.0,-31.391,0.0
0.0,-31.044,0.0
0.0,0.0,0.0
0.0,0.0,0.0
0.0,2.271,0.0
0.0,5.872,0.0
0.0,9.455,0.0
0.0,13.088,0.0
0.0,16.705,0.0
0.0,20.305,0.0
0.0,23.922,0.0
0.0,27.488,0.0
0.0,31.121,0.0
0.0,34.738,0.0
0.0,38.355,0.0
0.0,41.955,0.0
0.0,45.588,0.0
0.0,49.172,0.0
0.0,52.738,0.0
0.0,56.389,0.0
0.0,60.022,0.0
0.0,63.622,0.0
0.0,67.222,0.0
0.0,70.838,0.0
0.0,74.438,0.0
0.0,78.055,0.0
0.0,81.655,0.0
0.0,85.288,0.0
0.0,88.872,0.0
0.0,92.505,0.0
0.0,96.122,0.0
0.0,99.722,0.0
0.0,103.338,0.0
0.0,106.922,0.0
0.0,110.555,0.0
0.0,114.172,0.0
0.0,117.772,0.0
0.0,121.388,0.0
0.0,124.972,0.0
0.0,128.589,0.0
0.0,132.222,0.0
0.0,136.105,0.0
0.0,139.705,0.0
0.0,143.321,0.0
0.0,146.922,0.0
0.0,150.505,0.0
0.0,154.138,0.0
0.0,157.772,0.0
0.0,161.388,0.0
0.0,164.988,0.0
0.0,168.572,0.0
0.0,172.205,0.0
0.0,175.788,0.0
0.0,179.422,0.0
0.0,183.022,0.0
0.0,186.638,0.0
0.0,190.255,0.0
0.0,193.838,0.0
0.0,197.488,0.0
0.0,201.105,0.0
0.0,204.705,0.0
0.0,208.288,0.0
0.0,211.888,0.0
0.0,215.505,0.0
0.0,219.122,0.0
0.0,222.722,0.0
0.0,226.338,0.0
0.0,229.955,0.0
0.0,233.572,0.0
0.0,237.188,0.0
0.0,240.772,0.0
0.0,244.389,0.0
0.0,247.972,0.0
0.0,251.605,0.0
0.0,255.238,0.0
0.0,258.822,0.0
0.0,262.455,0.0
0.0,266.072,0.0
0.0,269.655,0.0
0.0,273.272,0.0
0.0,276.872,0.0
0.0,280.488,0.0
0.0,284.105,0.0
0.0,287.705,0.0
0.0,291.338,0.0
0.0,294.938,0.0
0.0,297.0,0.0
-221.531,0.0,0.0
-224.315,0.0,0.0
-227.085,0.0,0.0
-230.544,0.0,0.0
-233.315,0.0,0.0
-236.085,0.0,0.0
-238.855,0.0,0.0
-240.901,0.0,0.0
-240.555,0.0,0.0
-240.209,0.0,0.0
-239.862,0.0,0.0
-239.516,0.0,0.0
-239.17,0.0,0.0
-238.737,0.0,0.0
-238.391,0.0,0.0
-238.045,0.0,0.0
-237.698,0.0,0.0
-237.266,0.0,0.0
-236.92,0.0,0.0
-236.573,0.0,0.0
-236.227,0.0,0.0
-235.881,0.0,0.0
-235.535,0.0,0.0
-235.102,0.0,0.0
-234.756,0.0,0.0
-234.41,0.0,0.0
-233.977,0.0,0.0
-233.631,0.0,0.0
-233.285,0.0,0.0
-232.852,0.0,0.0
-232.506,0.0,0.0
-232.16,0.0,0.0
-231.727,0.0,0.0
-231.381,0.0,0.0
-231.046,0.0,0.0
-231.373,0.0,0.0
-231.805,0.0,0.0
-232.152,0.0,0.0
-232.498,0.0,0.0
-232.844,0.0,0.0
-233.19,0.0,0.0
-233.623,0.0,0.0
-233.969,0.0,0.0
-234.315,0.0,0.0
-234.748,0.0,0.0
-235.094,0.0,0.0
-235.44,0.0,0.0
-235.787,0.0,0.0
-236.133,0.0,0.0
-236.565,0.0,0.0
-236.912,0.0,0.0
-237.258,0.0,0.0
-237.69,0.0,0.0
-238.037,0.0,0.0
-238.383,0.0,0.0
-238.729,0.0,0.0
-239.076,0.0,0.0
-239.508,0.0,0.0
-239.854,0.0,0.0
-239.695,0.0,0.0
-239.348,0.0,0.0
-238.916,0.0,0.0
-238.57,0.0,0.0
-238.223,0.0,0.0
-237.791,0.0,0.0
-237.445,0.0,0.0
-237.098,0.0,0.0
-236.752,0.0,0.0
-236.32,0.0,0.0
-235.973,0.0,0.0
-235.627,0.0,0.0
-235.195,0.0,0.0
-234.848,0.0,0.0
-234.502,0.0,0.0
-234.156,0.0,0.0
-233.723,0.0,0.0
-233.377,0.0,0.0
-233.031,0.0,0.0
-232.684,0.0,0.0
-232.252,0.0,0.0
-231.906,0.0,0.0
-231.559,0.0,0.0
-231.213,0.0,0.0
-230.867,0.0,0.0
-230.521,0.0,0.0
-230.088,0.0,0.0
0.0,-0.523,0.0
0.0,-4.591,0.0
0.0,-8.008,0.0
0.0,-11.424,0.0
0.0,-14.841,0.0
0.0,-18.258,0.0
0.0,-22.525,0.0
0.0,-25.941,0.0
0.0,-29.358,0.0
0.0,-32.774,0.0
0.0,-37.041,0.0
0.0,-40.458,0.0
0.0,-43.875,0.0
0.0,-47.291,0.0
0.0,-51.558,0.0
0.0,-54.974,0.0
0.0,-58.391,0.0
0.0,-62.658,0.0
0.0,-66.075,0.0
0.0,-69.491,0.0
0.0,-73.758,0.0
0.0,-77.174,0.0
0.0,-80.591,0.0
0.0,-84.858,0.0
0.0,-88.275,0.0
0.0,-91.691,0.0
0.0,-95.108,0.0
0.0,-98.524,0.0
0.0,-102.791,0.0
0.0,-106.208,0.0
0.0,-109.624,0.0
0.0,-113.041,0.0
0.0,-117.308,0.0
0.0,-120.725,0.0
0.0,-124.141,0.0
0.0,-128.408,0.0
0.0,-131.824,0.0
0.0,-135.241,0.0
0.0,-138.658,0.0
0.0,-142.925,0.0
0.0,-146.341,0.0
0.0,-149.758,0.0
0.0,-153.174,0.0
0.0,-156.591,0.0
0.0,-160.858,0.0
0.0,-164.275,0.0
0.0,-167.691,0.0
0.0,-171.958,0.0
0.0,-175.374,0.0
0.0,-178.791,0.0
0.0,-182.208,0.0
0.0,-186.475,0.0
0.0,-189.891,0.0
0.0,-193.308,0.0
0.0,-196.725,0.0
0.0,-200.141,0.0
0.0,-204.408,0.0
0.0,-207.824,0.0
0.0,-211.241,0.0
0.0,-214.658,0.0
0.0,-218.925,0.0
0.0,-222.341,0.0
0.0,-225.758,0.0
0.0,-229.174,0.0
0.0,-233.441,0.0
0.0,-236.858,0.0
0.0,-240.275,0.0
0.0,-243.691,0.0
0.0,-247.108,0.0
0.0,-251.374,0.0
0.0,-254.791,0.0
0.0,-258.208,0.0
0.0,-261.624,0.0
0.0,-265.891,0.0
0.0,-269.308,0.0
0.0,-272.724,0.0
0.0,-276.991,0.0
0.0,-280.408,0.0
0.0,-283.824,0.0
0.0,-288.091,0.0
0.0,-291.508,0.0
0.0,-294.925,0.0
0.0,-298.341,0.0
0.0,-302.608,0.0
0.0,-306.024,0.0
0.0,-307.014,0.0
0.0,-306.668,0.0
0.0,-306.322,0.0
0.0,-305.889,0.0
0.0,-305.543,0.0
0.0,-305.197,0.0
0.0,-304.764,0.0
0.0,-304.418,0.0
0.0,-304.072,0.0
0.0,-303.639,0.0
0.0,-303.293,0.0
0.0,-302.947,0.0
0.0,-302.6,0.0
0.0,-302.168,0.0
0.0,-301.822,0.0
0.0,-301.475,0.0
0.0,-301.129,0.0
0.0,-300.783,0.0
0.0,-300.436,0.0
0.0,-300.004,0.0
0.0,-299.658,0.0
0.0,-299.311,0.0
0.0,-298.879,0.0
0.0,-298.533,0.0
0.0,-298.186,0.0
0.0,-297.84,0.0
0.0,-297.408,0.0
0.0,-297.358,0.0
0.0,-297.704,0.0
0.0,-298.05,0.0
0.0,-298.483,0.0
0.0,-298.829,0.0
0.0,-299.261,0.0
0.0,-299.608,0.0
0.0,-299.954,0.0
0.0,-300.386,0.0
0.0,-300.733,0.0
0.0,-301.079,0.0
0.0,-301.425,0.0
0.0,-301.772,0.0
0.0,-302.204,0.0
0.0,-302.55,0.0
0.0,-302.897,0.0
0.0,-303.243,0.0
0.0,-303.675,0.0
0.0,-304.022,0.0
0.0,-304.368,0.0
0.0,-304.8,0.0
0.0,-305.147,0.0
0.0,-305.493,0.0
0.0,-305.839,0.0
0.0,-306.272,0.0
0.0,-306.618,0.0
0.0,-306.793,0.0
0.0,-306.447,0.0
0.0,-306.1,0.0
0.0,-305.668,0.0
0.0,-305.322,0.0
0.0,-304.975,0.0
0.0,-304.629,0.0
0.0,-304.197,0.0
0.0,-303.85,0.0
0.0,-303.504,0.0
0.0,-303.158,0.0
0.0,-302.811,0.0
0.0,-302.379,0.0
0.0,-302.033,0.0
0.0,-301.686,0.0
0.0,-301.34,0.0
0.0,-300.908,0.0
0.0,-300.561,0.0
0.0,-300.215,0.0
0.0,-299.783,0.0
0.0,-299.436,0.0
0.0,-299.09,0.0
0.0,-298.658,0.0
0.0,-298.311,0.0
0.0,-297.965,0.0
0.0,-297.619,0.0
0.0,-297.186,0.0
0.0,0.0,0.0
0.0,0.0,0.0
-11.102,297.0,0.0
-10.755,297.0,0.0
-10.323,297.0,0.0
-9.976,297.0,0.0
-9.63,297.0,0.0
-9.284,297.0,0.0
-8.938,297.0,0.0
-8.591,297.0,0.0
-8.159,297.0,0.0
-7.813,297.0,0.0
-7.466,297.0,0.0
-7.12,297.0,0.0
-6.774,297.0,0.0
-6.428,297.0,0.0
-5.995,297.0,0.0
-5.649,297.0,0.0
-5.302,297.0,0.0
-4.956,297.0,0.0
-4.524,297.0,0.0
-4.178,297.0,0.0
-3.831,297.0,0.0
-3.485,297.0,0.0
-3.139,297.0,0.0
-2.706,297.0,0.0
-2.36,297.0,0.0
-2.014,297.0,0.0
-1.667,297.0,0.0
-1.321,297.0,0.0
-1.568,297.0,0.0
-2.001,297.0,0.0
-2.347,297.0,0.0
-2.693,297.0,0.0
-3.04,297.0,0.0
-3.472,297.0,0.0
-3.818,297.0,0.0
-4.165,297.0,0.0
-4.511,297.0,0.0
-4.943,297.0,0.0
-5.29,297.0,0.0
-5.636,297.0,0.0
-6.068,297.0,0.0
-6.329,297.0,0.0
-6.761,297.0,0.0
-7.107,297.0,0.0
-7.454,297.0,0.0
-7.8,297.0,0.0
-8.232,297.0,0.0
-8.579,297.0,0.0
-8.925,297.0,0.0
-9.271,297.0,0.0
-9.704,297.0,0.0
-9.923,297.0,0.0
-9.576,297.0,0.0
-9.23,297.0,0.0
-8.884,297.0,0.0
-8.451,297.0,0.0
-8.105,297.0,0.0
-7.759,297.0,0.0
-7.413,297.0,0.0
-6.98,297.0,0.0
-6.634,297.0,0.0
-6.288,297.0,0.0
-5.941,297.0,0.0
-5.595,297.0,0.0
-5.163,297.0,0.0
-4.816,297.0,0.0
-4.47,297.0,0.0
-4.124,297.0,0.0
-3.691,297.0,0.0
-3.345,297.0,0.0
-2.999,297.0,0.0
-2.652,297.0,0.0
-2.22,297.0,0.0
-1.874,297.0,0.0
-1.527,297.0,0.0
-1.181,297.0,0.0
-0.835,297.0,0.0
-0.402,297.0,0.0
-0.056,297.0,0.0
0.0,295.818,0.0
0.0,292.408,0.0
0.0,288.992,0.0
0.0,284.725,0.0
0.0,281.308,0.0
0.0,277.891,0.0
0.0,274.475,0.0
0.0,270.208,0.0
0.0,266.792,0.0
0.0,263.375,0.0
0.0,259.958,0.0
0.0,255.691,0.0
0.0,252.275,0.0
0.0,248.858,0.0
0.0,245.441,0.0
0.0,242.025,0.0
0.0,238.608,0.0
0.0,234.342,0.0
0.0,230.925,0.0
0.0,227.508,0.0
0.0,224.091,0.0
0.0,220.675,0.0
0.0,216.408,0.0
0.0,212.992,0.0
0.0,209.575,0.0
0.0,206.158,0.0
0.0,201.891,0.0
0.0,198.475,0.0
0.0,195.058,0.0
0.0,191.641,0.0
0.0,188.225,0.0
0.0,184.808,0.0
0.0,180.542,0.0
0.0,177.125,0.0
0.0,173.708,0.0
0.0,170.291,0.0
0.0,166.025,0.0
0.0,162.608,0.0
0.0,159.192,0.0
0.0,155.775,0.0
0.0,152.358,0.0
0.0,148.091,0.0
0.0,144.675,0.0
0.0,141.258,0.0
0.0,137.841,0.0
0.0,133.575,0.0
0.0,130.158,0.0
0.0,126.742,0.0
0.0,123.325,0.0
0.0,119.058,0.0
0.0,116.491,0.0
0.0,112.225,0.0
0.0,108.808,0.0
0.0,105.392,0.0
0.0,101.975,0.0
0.0,98.558,0.0
0.0,95.142,0.0
0.0,90.875,0.0
0.0,87.458,0.0
0.0,84.041,0.0
0.0,80.625,0.0
0.0,76.358,0.0
0.0,72.942,0.0
0.0,69.525,0.0
0.0,65.258,0.0
0.0,61.841,0.0
0.0,58.425,0.0
0.0,55.008,0.0
0.0,51.592,0.0
0.0,48.175,0.0
0.0,43.908,0.0
0.0,40.491,0.0
0.0,37.075,0.0
0.0,33.658,0.0
0.0,29.392,0.0
0.0,26.825,0.0
0.0,22.558,0.0
0.0,19.142,0.0
0.0,15.725,0.0
0.0,12.308,0.0
0.0,8.041,0.0
0.0,4.625,0.0
0.0,1.208,0.0
0.0,-2.208,0.0
0.0,-5.625,0.0
0.0,-9.892,0.0
0.0,-10.092,0.0
0.0,-9.66,0.0
0.0,-9.314,0.0
0.0,-8.967,0.0
0.0,-8.535,0.0
0.0,-8.189,0.0
0.0,-7.842,0.0
0.0,-7.496,0.0
0.0,-7.15,0.0
0.0,-6.717,0.0
0.0,-6.371,0.0
0.0,-6.025,0.0
0.0,-5.679,0.0
0.0,-5.332,0.0
0.0,-4.986,0.0
0.0,-4.554,0.0
0.0,-4.207,0.0
0.0,-3.861,0.0
0.0,-3.515,0.0
0.0,-3.082,0.0
0.0,-2.736,0.0
0.0,-2.39,0.0
0.0,-2.043,0.0
0.0,-1.697,0.0
0.0,-1.265,0.0
0.0,-0.918,0.0
0.0,-0.572,0.0
0.0,-0.495,0.0
0.0,-0.928,0.0
0.0,-1.274,0.0
0.0,-1.62,0.0
0.0,-1.967,0.0
0.0,-2.399,0.0
0.0,-2.745,0.0
0.0,-3.092,0.0
0.0,-3.438,0.0
0.0,-3.784,0.0
0.0,-4.217,0.0
0.0,-4.563,0.0
0.0,-4.909,0.0
0.0,-5.342,0.0
0.0,-5.688,0.0
0.0,-6.034,0.0
0.0,-6.38,0.0
0.0,-6.813,0.0
0.0,-7.159,0.0
0.0,-7.505,0.0
0.0,-7.938,0.0
0.0,-8.284,0.0
0.0,-8.63,0.0
0.0,-8.977,0.0
0.0,-9.409,0.0
0.0,-9.755,0.0
0.0,-9.907,0.0
0.0,-9.561,0.0
0.0,-9.214,0.0
0.0,-8.782,0.0
0.0,-8.436,0.0
0.0,-8.089,0.0
0.0,-7.743,0.0
0.0,-7.311,0.0
0.0,-6.964,0.0
0.0,-6.618,0.0
0.0,-6.186,0.0
0.0,-5.839,0.0
0.0,-5.493,0.0
0.0,-5.147,0.0
0.0,-4.801,0.0
0.0,-4.368,0.0
0.0,-4.022,0.0
0.0,-3.676,0.0
0.0,-3.329,0.0
0.0,-2.897,0.0
0.0,-2.551,0.0
0.0,-2.204,0.0
0.0,-1.858,0.0
0.0,-1.426,0.0
0.0,-1.079,0.0
0.0,-0.733,0.0
0.0,-0.387,0.0
0.0,-0.04,0.0
0.0,0.0,0.0
0.0,15.292,0.0
0.0,18.993,0.0
0.0,22.593,0.0
0.0,26.226,0.0
0.0,29.826,0.0
0.0,33.459,0.0
0.0,37.043,0.0
0.0,40.626,0.0
0.0,44.259,0.0
0.0,47.876,0.0
0.0,51.493,0.0
0.0,55.093,0.0
0.0,58.709,0.0
0.0,62.326,0.0
0.0,65.909,0.0
0.0,69.542,0.0
0.0,73.16,0.0
0.0,77.026,0.0
0.0,80.643,0.0
0.0,84.243,0.0
0.0,87.876,0.0
0.0,91.476,0.0
0.0,95.093,0.0
0.0,98.709,0.0
0.0,102.309,0.0
0.0,105.926,0.0
0.0,109.526,0.0
0.0,113.142,0.0
0.0,116.742,0.0
0.0,120.376,0.0
0.0,123.976,0.0
0.0,127.643,0.0
0.0,131.209,0.0
0.0,134.809,0.0
0.0,138.393,0.0
0.0,142.026,0.0
0.0,145.609,0.0
0.0,149.243,0.0
0.0,152.859,0.0
0.0,156.759,0.0
0.0,160.342,0.0
0.0,163.942,0.0
0.0,167.559,0.0
0.0,171.176,0.0
0.0,175.043,0.0
0.0,178.676,0.0
0.0,182.293,0.0
0.0,185.893,0.0
0.0,189.509,0.0
0.0,193.126,0.0
0.0,196.726,0.0
0.0,200.309,0.0
0.0,203.942,0.0
0.0,207.526,0.0
0.0,211.176,0.0
0.0,214.76,0.0
0.0,218.643,0.0
0.0,222.276,0.0
0.0,225.859,0.0
0.0,229.459,0.0
0.0,233.076,0.0
0.0,236.976,0.0
0.0,240.542,0.0
0.0,243.909,0.0
0.0,247.542,0.0
0.0,251.142,0.0
0.0,254.776,0.0
0.0,258.376,0.0
0.0,261.993,0.0
0.0,265.609,0.0
0.0,269.176,0.0
0.0,272.809,0.0
0.0,276.726,0.0
0.0,280.542,0.0
0.0,284.193,0.0
0.0,287.776,0.0
0.0,291.426,0.0
0.0,295.026,0.0
0.0,297.0,0.0
85.793,297.0,0.0
82.043,297.0,0.0
78.46,297.0,0.0
74.843,297.0,0.0
71.21,297.0,0.0
67.627,297.0,0.0
64.01,297.0,0.0
60.393,297.0,0.0
56.793,297.0,0.0
53.176,297.0,0.0
49.576,297.0,0.0
45.96,297.0,0.0
42.61,297.0,0.0
39.01,297.0,0.0
35.443,297.0,0.0
31.81,297.0,0.0
28.227,297.0,0.0
24.576,297.0,0.0
20.976,297.0,0.0
17.376,297.0,0.0
13.76,297.0,0.0
10.126,297.0,0.0
6.543,297.0,0.0
2.91,297.0,0.0
0.087,297.0,0.0
0.0,297.0,0.0
-11.098,0.0,0.0
-10.663,0.0,0.0
-10.317,0.0,0.0
-9.971,0.0,0.0
-9.625,0.0,0.0
-9.278,0.0,0.0
-8.846,0.0,0.0
-8.5,0.0,0.0
-8.153,0.0,0.0
-7.807,0.0,0.0
-7.375,0.0,0.0
-7.028,0.0,0.0
-6.682,0.0,0.0
-6.25,0.0,0.0
-5.903,0.0,0.0
-5.557,0.0,0.0
-5.211,0.0,0.0
-4.778,0.0,0.0
-4.432,0.0,0.0
-4.086,0.0,0.0
-3.739,0.0,0.0
-3.393,0.0,0.0
-2.961,0.0,0.0
-2.614,0.0,0.0
-2.268,0.0,0.0
-1.922,0.0,0.0
-1.489,0.0,0.0
-1.392,0.0,0.0
-1.738,0.0,0.0
-2.085,0.0,0.0
-2.517,0.0,0.0
-2.863,0.0,0.0
-3.21,0.0,0.0
-3.556,0.0,0.0
-3.902,0.0,0.0
-4.335,0.0,0.0
-4.681,0.0,0.0
-5.027,0.0,0.0
-5.46,0.0,0.0
-5.806,0.0,0.0
-6.152,0.0,0.0
-6.498,0.0,0.0
-6.931,0.0,0.0
-7.277,0.0,0.0
-7.623,0.0,0.0
-7.97,0.0,0.0
-8.316,0.0,0.0
-8.748,0.0,0.0
-9.095,0.0,0.0
-9.441,0.0,0.0
-9.787,0.0,0.0
-9.819,0.0,0.0
-9.473,0.0,0.0
-9.126,0.0,0.0
-8.78,0.0,0.0
-8.348,0.0,0.0
-8.001,0.0,0.0
-7.655,0.0,0.0
-7.223,0.0,0.0
-6.876,0.0,0.0
-6.53,0.0,0.0
-6.184,0.0,0.0
-5.838,0.0,0.0
-5.405,0.0,0.0
-5.059,0.0,0.0
-4.712,0.0,0.0
-4.366,0.0,0.0
-3.934,0.0,0.0
-3.588,0.0,0.0
-3.241,0.0,0.0
-2.895,0.0,0.0
-2.549,0.0,0.0
-2.116,0.0,0.0
-1.77,0.0,0.0
-1.424,0.0,0.0
-1.077,0.0,0.0
-0.645,0.0,0.0
-0.299,0.0,0.0
0.0,-0.128,0.0
0.0,-2.891,0.0
0.0,-6.308,0.0
0.0,-9.656,0.0
0.0,-9.32,0.0
0.0,-8.887,0.0
0.0,-8.541,0.0
0.0,-8.195,0.0
0.0,-7.762,0.0
0.0,-7.416,0.0
0.0,-7.07,0.0
0.0,-6.723,0.0
0.0,-6.291,0.0
0.0,-5.945,0.0
0.0,-5.598,0.0
0.0,-5.252,0.0
0.0,-4.82,0.0
0.0,-4.473,0.0
0.0,-4.127,0.0
0.0,-3.781,0.0
0.0,-3.435,0.0
0.0,-3.002,0.0
0.0,-2.656,0.0
0.0,-2.31,0.0
0.0,-1.963,0.0
0.0,-1.617,0.0
0.0,-1.271,0.0
0.0,-0.838,0.0
0.0,-0.492,0.0
0.0,-0.146,0.0
0.0,0.201,0.0
0.0,0.08,0.0
0.0,-0.267,0.0
0.0,-0.613,0.0
0.0,-0.959,0.0
0.0,-1.391,0.0
0.0,-1.738,0.0
0.0,-2.084,0.0
0.0,-2.517,0.0
0.0,-2.863,0.0
0.0,-3.209,0.0
0.0,-3.555,0.0
0.0,-3.902,0.0
0.0,-4.334,0.0
0.0,-4.68,0.0
0.0,-5.027,0.0
0.0,-5.373,0.0
0.0,-5.805,0.0
0.0,-6.152,0.0
0.0,-6.498,0.0
0.0,-6.844,0.0
0.0,-7.277,0.0
0.0,-7.623,0.0
0.0,-7.969,0.0
0.0,-8.315,0.0
0.0,-8.748,0.0
0.0,-9.094,0.0
0.0,-9.086,0.0
0.0,-8.739,0.0
0.0,-8.393,0.0
0.0,-8.047,0.0
0.0,-7.614,0.0
0.0,-7.268,0.0
0.0,-6.922,0.0
0.0,-6.576,0.0
0.0,-6.143,0.0
0.0,-5.797,0.0
0.0,-5.451,0.0
0.0,-5.104,0.0
0.0,-4.672,0.0
0.0,-4.326,0.0
0.0,-3.979,0.0
0.0,-3.633,0.0
0.0,-3.287,0.0
0.0,-2.854,0.0
0.0,-2.508,0.0
0.0,-2.162,0.0
0.0,-1.815,0.0
0.0,-1.383,0.0
0.0,-1.037,0.0
0.0,-0.69,0.0
0.0,-0.344,0.0
0.0,0.088,0.0
0.0,0.435,0.0
0.0,0.0,0.0
0.0,0.0,0.0
177.074,297.0,0.0
173.44,297.0,0.0
169.84,297.0,0.0
166.224,297.0,0.0
162.624,297.0,0.0
159.007,297.0,0.0
155.407,297.0,0.0
151.807,297.0,0.0
148.19,297.0,0.0
144.574,297.0,0.0
140.957,297.0,0.0
137.34,297.0,0.0
133.74,297.0,0.0
130.107,297.0,0.0
126.507,297.0,0.0
123.124,297.0,0.0
119.307,297.0,0.0
115.691,297.0,0.0
112.04,297.0,0.0
108.557,297.0,0.0
105.091,297.0,0.0
101.24,297.0,0.0
97.374,297.0,0.0
93.724,297.0,0.0
90.34,297.0,0.0
86.524,297.0,0.0
83.124,297.0,0.0
79.324,297.0,0.0
75.707,297.0,0.0
72.091,297.0,0.0
68.457,297.0,0.0
64.874,297.0,0.0
61.307,297.0,0.0
57.607,297.0,0.0
53.774,297.0,0.0
50.157,297.0,0.0
46.524,297.0,0.0
42.891,297.0,0.0
39.291,297.0,0.0
35.64,297.0,0.0
32.074,297.0,0.0
28.474,297.0,0.0
24.607,297.0,0.0
20.974,297.0,0.0
17.407,297.0,0.0
13.79,297.0,0.0
10.19,297.0,0.0
6.59,297.0,0.0
2.94,297.0,0.0
0.089,297.0,0.0
0.0,297.0,0.0
194.576,297.0,0.0
190.959,297.0,0.0
187.109,297.0,0.0
183.442,297.0,0.0
179.876,297.0,0.0
176.259,297.0,0.0
172.626,297.0,0.0
169.009,297.0,0.0
165.409,297.0,0.0
161.809,297.0,0.0
158.009,297.0,0.0
154.592,297.0,0.0
150.726,297.0,0.0
147.076,297.0,0.0
143.492,297.0,0.0
139.892,297.0,0.0
136.276,297.0,0.0
132.659,297.0,0.0
129.042,297.0,0.0
125.443,297.0,0.0
121.859,297.0,0.0
118.209,297.0,0.0
114.609,297.0,0.0
110.992,297.0,0.0
107.375,297.0,0.0
103.759,297.0,0.0
100.175,297.0,0.0
96.559,297.0,0.0
92.959,297.0,0.0
89.326,297.0,0.0
85.742,297.0,0.0
82.109,297.0,0.0
78.492,297.0,0.0
74.892,297.0,0.0
71.292,297.0,0.0
67.692,297.0,0.0
64.059,297.0,0.0
60.476,297.0,0.0
56.843,297.0,0.0
53.226,297.0,0.0
49.626,297.0,0.0
46.026,297.0,0.0
42.409,297.0,0.0
38.792,297.0,0.0
35.192,297.0,0.0
31.575,297.0,0.0
27.959,297.0,0.0
24.359,297.0,0.0
20.742,297.0,0.0
17.142,297.0,0.0
13.509,297.0,0.0
9.926,297.0,0.0
6.292,297.0,0.0
2.692,297.0,0.0
0.04,297.0,0.0
0.0,297.0,0.0
149.99,297.0,0.0
146.257,297.0,0.0
142.657,297.0,0.0
139.041,297.0,0.0
135.424,297.0,0.0
131.824,297.0,0.0
128.207,297.0,0.0
124.607,297.0,0.0
120.99,297.0,0.0
117.374,297.0,0.0
113.757,297.0,0.0
110.157,297.0,0.0
106.54,297.0,0.0
102.94,297.0,0.0
99.324,297.0,0.0
95.707,297.0,0.0
92.124,297.0,0.0
88.49,297.0,0.0
84.874,297.0,0.0
81.274,297.0,0.0
77.674,297.0,0.0
74.057,297.0,0.0
70.441,297.0,0.0
66.857,297.0,0.0
63.224,297.0,0.0
59.641,297.0,0.0
56.007,297.0,0.0
52.39,297.0,0.0
48.79,297.0,0.0
45.174,297.0,0.0
41.59,297.0,0.0
37.957,297.0,0.0
34.34,297.0,0.0
30.724,297.0,0.0
27.14,297.0,0.0
23.574,297.0,0.0
19.924,297.0,0.0
16.34,297.0,0.0
12.674,297.0,0.0
9.09,297.0,0.0
5.457,297.0,0.0
1.857,297.0,0.0
0.0,297.0,0.0
189.993,297.0,0.0
186.343,297.0,0.0
182.726,297.0,0.0
179.109,297.0,0.0
175.526,297.0,0.0
171.91,297.0,0.0
168.292,297.0,0.0
164.676,297.0,0.0
161.109,297.0,0.0
157.676,297.0,0.0
154.026,297.0,0.0
150.426,297.0,0.0
146.593,297.0,0.0
143.059,297.0,0.0
139.393,297.0,0.0
135.526,297.0,0.0
132.026,297.0,0.0
128.559,297.0,0.0
124.926,297.0,0.0
121.343,297.0,0.0
117.743,297.0,0.0
114.276,297.0,0.0
110.576,297.0,0.0
106.926,297.0,0.0
103.326,297.0,0.0
99.726,297.0,0.0
96.193,297.0,0.0
92.476,297.0,0.0
88.876,297.0,0.0
85.276,297.0,0.0
81.659,297.0,0.0
78.042,297.0,0.0
74.426,297.0,0.0
70.559,297.0,0.0
66.909,297.0,0.0
63.343,297.0,0.0
59.709,297.0,0.0
56.143,297.0,0.0
52.492,297.0,0.0
48.859,297.0,0.0
45.31,297.0,0.0
41.426,297.0,0.0
37.793,297.0,0.0
34.159,297.0,0.0
30.576,297.0,0.0
26.993,297.0,0.0
23.359,297.0,0.0
19.726,297.0,0.0
16.143,297.0,0.0
12.509,297.0,0.0
8.909,297.0,0.0
5.492,297.0,0.0
1.826,297.0,0.0
0.0,297.0,0.0
